bfs_nr,municipality_name,canton_code,snapshot_year,population_2019,density_per_km2_2019,area_km2,annual_potential_gwh,estimated_potential_kw,current_total_kw,pv_utilization_score_pct_current,untapped_potential_kw_current
1,Aeugst am Albis,ZH,2026,1981,250.442478,7.91,16.03,14572.7273,1225.28,8.408035,13347.4473
2,Affoltern am Albis,ZH,2026,12303,1161.756374,10.59,68.3,62090.9091,7748.95,12.480007,54341.9591
3,Bonstetten,ZH,2026,5572,749.932705,7.43,24.64,22400.0,2480.28,11.072679,19919.72
4,Hausen am Albis,ZH,2026,3751,275.808824,13.6,29.3,26636.3636,3065.05,11.507014,23571.3136
5,Hedingen,ZH,2026,3778,578.56049,6.53,23.13,21027.2727,4075.94,19.384064,16951.3327
6,Kappel am Albis,ZH,2026,1221,154.166667,7.92,12.59,11445.4545,784.81,6.856958,10660.6445
7,Knonau,ZH,2026,2378,367.542504,6.47,17.4,15818.1818,4993.39,31.567408,10824.7918
8,Maschwanden,ZH,2026,645,137.526653,4.69,7.75,7045.4545,1162.03,16.493329,5883.4245
9,Mettmenstetten,ZH,2026,5200,399.079048,13.03,39.54,35945.4545,7223.92,20.096894,28721.5345
10,Obfelden,ZH,2026,5721,758.753316,7.54,31.61,28736.3636,6470.41,22.516454,22265.9536
11,Ottenbach,ZH,2026,2588,515.537849,5.02,19.45,17681.8182,2893.15,16.362288,14788.6682
12,Rifferswil,ZH,2026,1129,173.425499,6.51,11.33,10300.0,2258.32,21.925437,8041.68
13,Stallikon,ZH,2026,3755,312.396007,12.02,20.05,18227.2727,1864.17,10.227367,16363.1027
14,Wettswil am Albis,ZH,2026,5240,1389.920424,3.77,25.43,23118.1818,3507.32,15.171262,19610.8618
22,Benken (ZH),ZH,2026,845,149.293286,5.66,10.94,9945.4545,542.5,5.454753,9402.9545
23,Berg am Irchel,ZH,2026,577,82.310984,7.01,7.5,6818.1818,294.27,4.31596,6523.9118
24,Buch am Irchel,ZH,2026,979,95.886386,10.21,12.14,11036.3636,1436.84,13.019143,9599.5236
25,Dachsen,ZH,2026,1916,709.62963,2.7,13.72,12472.7273,2176.84,17.452799,10295.8873
26,Dorf,ZH,2026,658,118.345324,5.56,6.48,5890.9091,440.38,7.475586,5450.5291
27,Feuerthalen,ZH,2026,3614,1457.258065,2.48,20.66,18781.8182,1988.28,10.586196,16793.5382
28,Flaach,ZH,2026,1420,139.626352,10.17,17.11,15554.5455,1232.88,7.926172,14321.6655
29,Flurlingen,ZH,2026,1477,612.863071,2.41,11.7,10636.3636,934.75,8.788248,9701.6136
31,Henggart,ZH,2026,2234,737.293729,3.03,12.94,11763.6364,2399.17,20.394799,9364.4664
33,Kleinandelfingen,ZH,2026,2074,201.554908,10.29,21.12,19200.0,1976.65,10.295052,17223.35
34,Laufen-Uhwiesen,ZH,2026,1761,280.414013,6.28,15.24,13854.5455,0.0,0.0,13854.5455
35,Marthalen,ZH,2026,1918,135.739561,14.13,28.37,25790.9091,3918.42,15.193028,21872.4891
37,Ossingen,ZH,2026,1668,127.425516,13.09,21.07,19154.5455,2251.16,11.752615,16903.3855
38,Rheinau,ZH,2026,1316,147.368421,8.93,14.77,13427.2727,1065.49,7.935267,12361.7827
39,Thalheim an der Thur,ZH,2026,938,145.652174,6.44,11.18,10163.6364,895.06,8.806494,9268.5764
40,Trüllikon,ZH,2026,1061,110.983264,9.56,14.14,12854.5455,927.12,7.21239,11927.4255
41,Truttikon,ZH,2026,463,104.988662,4.41,6.29,5718.1818,430.96,7.536661,5287.2218
43,Volken,ZH,2026,380,118.75,3.2,4.23,3845.4545,189.28,4.922175,3656.1745
51,Bachenbülach,ZH,2026,4180,969.837587,4.31,27.94,25400.0,5405.93,21.283189,19994.07
52,Bassersdorf,ZH,2026,11824,1309.413068,9.03,50.27,45700.0,6406.13,14.01779,39293.87
53,Bülach,ZH,2026,21372,1328.278434,16.09,94.47,85881.8182,10396.54,12.105636,75485.2782
54,Dietlikon,ZH,2026,7847,1846.352941,4.25,48.57,44154.5455,6676.99,15.121863,37477.5555
55,Eglisau,ZH,2026,5339,589.293598,9.06,31.93,29027.2727,4436.5,15.283902,24590.7727
56,Embrach,ZH,2026,9421,741.811024,12.7,58.31,53009.0909,8072.05,15.227671,44937.0409
57,Freienstein-Teufen,ZH,2026,2389,284.404762,8.4,14.72,13381.8182,25.18,0.188166,13356.6382
58,Glattfelden,ZH,2026,5217,424.146342,12.3,27.6,25090.9091,2186.96,8.716145,22903.9491
59,Hochfelden,ZH,2026,1982,321.231767,6.17,12.32,11200.0,1163.34,10.386964,10036.66
60,Höri,ZH,2026,2872,599.582464,4.79,19.62,17836.3636,2595.97,14.554368,15240.3936
61,Hüntwangen,ZH,2026,1057,215.274949,4.91,10.74,9763.6364,1757.04,17.995754,8006.5964
62,Kloten,ZH,2026,20130,1044.628957,19.27,150.67,136972.7273,7850.43,5.731382,129122.2973
63,Lufingen,ZH,2026,2417,466.602317,5.18,13.19,11990.9091,1545.56,12.889431,10445.3491
64,Nürensdorf,ZH,2026,5602,557.968128,10.04,38.36,34872.7273,3971.68,11.389072,30901.0473
65,Oberembrach,ZH,2026,1121,109.259259,10.26,12.31,11190.9091,1137.55,10.164947,10053.3591
66,Opfikon,ZH,2026,21014,3759.21288,5.59,68.79,62536.3636,4759.39,7.610596,57776.9736
67,Rafz,ZH,2026,4661,436.423221,10.68,38.24,34763.6364,5474.31,15.747231,29289.3264
68,Rorbas,ZH,2026,2885,649.774775,4.44,13.1,11909.0909,1152.83,9.680252,10756.2609
69,Wallisellen,ZH,2026,16841,2623.208723,6.42,84.52,76836.3636,10577.41,13.766151,66258.9536
70,Wasterkingen,ZH,2026,563,142.171717,3.96,4.96,4509.0909,326.61,7.243367,4182.4809
71,Wil (ZH),ZH,2026,1474,164.692737,8.95,17.65,16045.4545,2447.26,15.252045,13598.1945
72,Winkel,ZH,2026,4535,559.18619,8.11,25.86,23509.0909,3342.93,14.219733,20166.1609
81,Bachs,ZH,2026,592,64.841183,9.13,8.52,7745.4545,754.29,9.738486,6991.1645
82,Boppelsen,ZH,2026,1432,361.616162,3.96,10.74,9763.6364,1000.55,10.247719,8763.0864
83,Buchs (ZH),ZH,2026,6565,1124.143836,5.84,48.09,43718.1818,4596.8,10.514618,39121.3818
84,Dällikon,ZH,2026,4177,926.16408,4.51,33.54,30490.9091,4553.11,14.93268,25937.7991
85,Dänikon,ZH,2026,1861,648.432056,2.87,9.55,8681.8182,1964.35,22.626021,6717.4682
86,Dielsdorf,ZH,2026,5966,1016.354344,5.87,45.14,41036.3636,7370.26,17.960315,33666.1036
87,Hüttikon,ZH,2026,952,598.742138,1.59,5.14,4672.7273,515.12,11.023969,4157.6073
88,Neerach,ZH,2026,3175,525.662252,6.04,20.52,18654.5455,1503.51,8.059751,17151.0355
89,Niederglatt,ZH,2026,4993,1386.944444,3.6,24.97,22700.0,3939.96,17.356652,18760.04
90,Niederhasli,ZH,2026,9345,826.99115,11.3,52.88,48072.7273,5682.84,11.821339,42389.8873
91,Niederweningen,ZH,2026,3073,448.613139,6.85,20.08,18254.5455,3344.55,18.321738,14909.9955
92,Oberglatt,ZH,2026,7228,876.121212,8.25,32.06,29145.4545,5054.34,17.341778,24091.1145
93,Oberweningen,ZH,2026,1790,362.348178,4.94,10.43,9481.8182,1082.22,11.413634,8399.5982
94,Otelfingen,ZH,2026,2982,417.062937,7.15,39.67,36063.6364,4402.93,12.20878,31660.7064
95,Regensberg,ZH,2026,469,197.890295,2.37,2.73,2481.8182,185.9,7.490476,2295.9182
96,Regensdorf,ZH,2026,18540,1268.125855,14.62,116.27,105700.0,14406.5,13.629612,91293.5
97,Rümlang,ZH,2026,8233,663.416599,12.41,70.3,63909.0909,7462.13,11.676164,56446.9609
98,Schleinikon,ZH,2026,758,133.450704,5.68,7.01,6372.7273,817.97,12.835478,5554.7573
99,Schöfflisdorf,ZH,2026,1377,343.391521,4.01,9.65,8772.7273,1328.76,15.146487,7443.9673
100,Stadel,ZH,2026,2293,177.889837,12.89,22.53,20481.8182,167.67,0.818628,20314.1482
101,Steinmaur,ZH,2026,3609,384.345048,9.39,27.1,24636.3636,3752.67,15.23224,20883.6936
102,Weiach,ZH,2026,1903,198.643006,9.58,14.56,13236.3636,1653.42,12.491497,11582.9436
111,Bäretswil,ZH,2026,5053,227.715187,22.19,40.75,37045.4545,4002.14,10.803323,33043.3145
112,Bubikon,ZH,2026,7344,632.55814,11.61,56.47,51336.3636,5312.25,10.347928,46024.1136
113,Dürnten,ZH,2026,7606,744.227006,10.22,45.31,41190.9091,3399.8,8.253763,37791.1091
114,Fischenthal,ZH,2026,2516,83.201058,30.24,22.25,20227.2727,803.83,3.973991,19423.4427
115,Gossau (ZH),ZH,2026,10280,562.979189,18.26,61.65,56045.4545,4143.2,7.392571,51902.2545
116,Grüningen,ZH,2026,3641,414.692483,8.78,27.59,25081.8182,4137.95,16.497807,20943.8682
117,Hinwil,ZH,2026,11277,506.149013,22.28,114.09,103718.1818,10439.72,10.065468,93278.4618
118,Rüti (ZH),ZH,2026,12286,1221.272366,10.06,60.9,55363.6364,9497.73,17.155177,45865.9064
119,Seegräben,ZH,2026,1430,379.310345,3.77,10.67,9700.0,97.53,1.005464,9602.47
120,Wald (ZH),ZH,2026,10096,399.525129,25.27,65.66,59690.9091,6773.99,11.348445,52916.9191
121,Wetzikon (ZH),ZH,2026,24990,1486.61511,16.81,124.57,113245.4545,19073.05,16.842221,94172.4045
131,Adliswil,ZH,2026,18944,2438.095238,7.77,56.47,51336.3636,6550.11,12.759201,44786.2536
135,Kilchberg (ZH),ZH,2026,8923,3458.527132,2.58,31.04,28218.1818,2235.38,7.921772,25982.8018
136,Langnau am Albis,ZH,2026,7727,891.234141,8.67,27.97,25427.2727,2811.66,11.057655,22615.6127
137,Oberrieden,ZH,2026,5002,1792.831541,2.79,17.36,15781.8182,1901.16,12.046521,13880.6582
138,Richterswil,ZH,2026,13632,1810.358566,7.53,54.3,49363.6364,4139.79,8.386315,45223.8464
139,Rüschlikon,ZH,2026,6092,2079.180887,2.93,23.76,21600.0,1913.76,8.86,19686.24
141,Thalwil,ZH,2026,18139,3298.0,5.5,51.36,46690.9091,5398.57,11.562358,41292.3391
151,Erlenbach (ZH),ZH,2026,5592,1934.948097,2.89,26.63,24209.0909,2626.23,10.848115,21582.8609
152,Herrliberg,ZH,2026,6460,718.576196,8.99,35.13,31936.3636,3884.28,12.162562,28052.0836
153,Hombrechtikon,ZH,2026,8775,720.44335,12.18,51.16,46509.0909,6049.69,13.007543,40459.4009
154,Küsnacht (ZH),ZH,2026,14564,1178.317152,12.36,68.64,62400.0,5238.97,8.395785,57161.03
155,Männedorf,ZH,2026,11359,2381.341719,4.77,43.97,39972.7273,4621.09,11.560607,35351.6373
156,Meilen,ZH,2026,14335,1200.586265,11.94,63.73,57936.3636,7943.53,13.710785,49992.8336
157,Oetwil am See,ZH,2026,4840,792.144026,6.11,30.25,27500.0,2667.44,9.699782,24832.56
158,Stäfa,ZH,2026,14718,1713.38766,8.59,64.67,58790.9091,6717.07,11.425355,52073.8391
159,Uetikon am See,ZH,2026,6201,1792.196532,3.46,29.97,27245.4545,4177.19,15.331695,23068.2645
160,Zumikon,ZH,2026,5486,1001.094891,5.48,28.27,25700.0,3231.1,12.572374,22468.9
161,Zollikon,ZH,2026,13067,1664.585987,7.85,47.36,43054.5455,1947.41,4.523123,41107.1355
172,Fehraltorf,ZH,2026,6485,684.794087,9.47,48.3,43909.0909,6065.73,13.814292,37843.3609
173,Hittnau,ZH,2026,3664,282.934363,12.95,27.85,25318.1818,4922.15,19.441167,20396.0318
176,Lindau,ZH,2026,5605,467.472894,11.99,43.79,39809.0909,1118.09,2.80863,38691.0009
177,Pfäffikon,ZH,2026,12164,623.475141,19.51,71.95,65409.0909,12547.06,19.182441,52862.0309
178,Russikon,ZH,2026,4393,308.713984,14.23,34.23,31118.1818,2393.77,7.692512,28724.4118
180,Weisslingen,ZH,2026,3364,262.607338,12.81,25.74,23400.0,2707.44,11.570256,20692.56
181,Wila,ZH,2026,1977,215.125136,9.19,16.91,15372.7273,1892.53,12.310958,13480.1973
182,Wildberg,ZH,2026,985,93.276515,10.56,11.86,10781.8182,552.86,5.127707,10228.9582
191,Dübendorf,ZH,2026,29303,2151.468429,13.62,124.36,113054.5455,9558.92,8.45514,103495.6255
192,Egg,ZH,2026,8796,605.368204,14.53,48.55,44136.3636,1842.57,4.174721,42293.7936
193,Fällanden,ZH,2026,8689,1361.912226,6.38,36.07,32790.9091,3738.42,11.400782,29052.4891
194,Greifensee,ZH,2026,5385,2372.246696,2.27,17.15,15590.9091,2064.71,13.243038,13526.1991
195,Maur,ZH,2026,10468,708.73392,14.77,50.63,46027.2727,2040.31,4.432828,43986.9627
196,Mönchaltorf,ZH,2026,3898,513.570488,7.59,27.73,25209.0909,4847.64,19.22973,20361.4509
197,Schwerzenbach,ZH,2026,5170,1973.282443,2.62,24.44,22218.1818,2500.12,11.252586,19718.0618
198,Uster,ZH,2026,35007,1228.746929,28.49,154.83,140754.5455,13343.71,9.480127,127410.8355
199,Volketswil,ZH,2026,18640,1327.635328,14.04,109.69,99718.1818,14959.27,15.001547,84758.9118
200,Wangen-Brüttisellen,ZH,2026,7967,1005.934343,7.92,49.34,44854.5455,46.56,0.103802,44807.9855
211,Altikon,ZH,2026,698,90.649351,7.7,11.11,10100.0,1094.38,10.835446,9005.62
213,Brütten,ZH,2026,2067,313.181818,6.6,16.78,15254.5455,2319.47,15.205107,12935.0755
214,Dägerlen,ZH,2026,1037,130.440252,7.95,11.35,10318.1818,31.92,0.309357,10286.2618
215,Dättlikon,ZH,2026,776,269.444444,2.88,5.79,5263.6364,1033.53,19.635285,4230.1064
216,Dinhard,ZH,2026,1684,238.189533,7.07,16.15,14681.8182,2233.4,15.212012,12448.4182
218,Ellikon an der Thur,ZH,2026,901,179.482072,5.02,25.03,22754.5455,2538.74,11.157068,20215.8055
219,Elsau,ZH,2026,3647,451.920694,8.07,26.67,24245.4545,3978.78,16.410416,20266.6745
220,Hagenbuch,ZH,2026,1085,133.456335,8.13,11.36,10327.2727,2040.9,19.762236,8286.3727
221,Hettlingen,ZH,2026,3169,537.118644,5.9,20.04,18218.1818,3337.47,18.319446,14880.7118
223,Neftenbach,ZH,2026,5718,379.42933,15.07,47.25,42954.5455,5932.07,13.81011,37022.4755
224,Pfungen,ZH,2026,3900,781.563126,4.99,25.44,23127.2727,4172.54,18.041643,18954.7327
225,Rickenbach (ZH),ZH,2026,2749,456.644518,6.02,21.37,19427.2727,826.05,4.252012,18601.2227
226,Schlatt (ZH),ZH,2026,789,87.959866,8.97,8.27,7518.1818,957.65,12.737787,6560.5318
227,Seuzach,ZH,2026,7440,984.126984,7.56,41.07,37336.3636,5575.94,14.934341,31760.4236
228,Turbenthal,ZH,2026,4883,193.616178,25.22,34.29,31172.7273,4221.24,13.541452,26951.4873
230,Winterthur,ZH,2026,113173,1662.597326,68.07,466.16,423781.8182,69448.23,16.387732,354333.5882
231,Zell (ZH),ZH,2026,6299,485.659214,12.97,36.58,33254.5455,736.86,2.215817,32517.6855
241,Aesch (ZH),ZH,2026,1669,318.51145,5.24,11.22,10200.0,1416.79,13.890098,8783.21
242,Birmensdorf (ZH),ZH,2026,6724,588.791594,11.42,37.16,33781.8182,6541.94,19.365269,27239.8782
243,Dietikon,ZH,2026,27746,2970.663812,9.34,110.19,100172.7273,10723.14,10.70465,89449.5873
244,Geroldswil,ZH,2026,4934,2556.476684,1.93,20.17,18336.3636,2249.94,12.270372,16086.4236
245,Oberengstringen,ZH,2026,6738,3133.953488,2.15,18.9,17181.8182,1374.36,7.998921,15807.4582
246,Oetwil an der Limmat,ZH,2026,2515,907.942238,2.77,10.5,9545.4545,964.02,10.099257,8581.4345
247,Schlieren,ZH,2026,18791,2851.441578,6.59,86.89,78990.9091,11178.74,14.151932,67812.1691
248,Uitikon,ZH,2026,4668,1065.753425,4.38,25.53,23209.0909,496.42,2.138903,22712.6709
249,Unterengstringen,ZH,2026,3934,1177.844311,3.34,19.54,17763.6364,917.83,5.166904,16845.8064
250,Urdorf,ZH,2026,9981,1316.754617,7.58,50.21,45645.4545,6006.13,13.158221,39639.3245
251,Weiningen (ZH),ZH,2026,4813,894.609665,5.38,25.61,23281.8182,2253.6,9.679656,21028.2182
261,Zürich,ZH,2026,420217,4778.994655,87.93,1133.5,1030454.5455,85918.52,8.337924,944536.0255
291,Andelfingen,ZH,2026,,,,35.71,32463.6364,2591.14,7.981669,29872.4964
292,Stammheim,ZH,2026,2790,116.444074,23.96,42.85,38954.5455,0.0,0.0,38954.5455
293,Wädenswil,ZH,2026,24624,690.909091,35.64,120.73,109754.5455,9017.92,8.216443,100736.6255
294,Elgg,ZH,2026,4942,202.624026,24.39,45.03,40936.3636,2910.84,7.110646,38025.5236
295,Horgen,ZH,2026,22992,745.76711,30.83,91.54,83218.1818,8372.24,10.06059,74845.9418
296,Illnau-Effretikon,ZH,2026,17333,526.678821,32.91,94.85,86227.2727,10970.65,12.722947,75256.6227
297,Bauma,ZH,2026,4873,165.018625,29.53,39.63,36027.2727,2838.69,7.879281,33188.5827
298,Wiesendangen,ZH,2026,6594,343.974961,19.17,51.04,46400.0,4099.9,8.835991,42300.1
301,Aarberg,BE,2026,4632,584.110971,7.93,46.08,41890.9091,6922.49,16.525041,34968.4191
302,Bargen (BE),BE,2026,1025,130.407125,7.86,15.82,14381.8182,2529.62,17.589014,11852.1982
303,Grossaffoltern,BE,2026,3031,200.994695,15.08,40.44,36763.6364,2082.63,5.664918,34681.0064
304,Kallnach,BE,2026,2204,122.580645,17.98,38.59,35081.8182,2900.75,8.268528,32181.0682
305,Kappelen,BE,2026,1414,128.896992,10.97,24.05,21863.6364,1835.8,8.39659,20027.8364
306,Lyss,BE,2026,15525,1046.864464,14.83,120.89,109900.0,16430.18,14.950118,93469.82
307,Meikirch,BE,2026,2473,241.73998,10.23,24.76,22509.0909,1494.98,6.641672,21014.1109
309,Radelfingen,BE,2026,1287,87.491502,14.71,19.68,17890.9091,106.95,0.59779,17783.9591
310,Rapperswil (BE),BE,2026,2560,113.374668,22.58,44.39,40354.5455,1977.76,4.90096,38376.7855
311,Schüpfen,BE,2026,3773,190.171371,19.84,43.67,39700.0,4717.91,11.883904,34982.09
312,Seedorf (BE),BE,2026,3084,147.771921,20.87,43.83,39845.4545,2704.96,6.788629,37140.4945
321,Aarwangen,BE,2026,4620,466.666667,9.9,39.53,35936.3636,5047.14,14.04466,30889.2236
322,Auswil,BE,2026,440,95.238095,4.62,8.07,7336.3636,924.61,12.60311,6411.7536
323,Bannwil,BE,2026,661,138.284519,4.78,10.13,9209.0909,1281.52,13.915814,7927.5709
324,Bleienbach,BE,2026,713,125.307557,5.69,12.32,11200.0,860.4,7.682143,10339.6
325,Busswil bei Melchnau,BE,2026,181,63.286713,2.86,3.5,3181.8182,161.8,5.085143,3020.0182
326,Gondiswil,BE,2026,728,77.446809,9.4,13.88,12618.1818,1434.38,11.367565,11183.8018
329,Langenthal,BE,2026,16066,759.981078,21.14,142.99,129990.9091,17744.03,13.650208,112246.8791
331,Lotzwil,BE,2026,2628,422.508039,6.22,24.98,22709.0909,3213.28,14.149752,19495.8109
332,Madiswil,BE,2026,3275,141.346569,23.17,45.67,41518.1818,3425.77,8.251252,38092.4118
333,Melchnau,BE,2026,1489,144.844358,10.28,20.65,18772.7273,2220.35,11.82753,16552.3773
335,Oeschenbach,BE,2026,221,56.377551,3.92,4.64,4218.1818,380.92,9.030431,3837.2618
336,Reisiswil,BE,2026,174,86.567164,2.01,2.67,2427.2727,334.14,13.766067,2093.1327
337,Roggwil (BE),BE,2026,4056,517.346939,7.84,42.71,38827.2727,4176.84,10.75749,34650.4327
338,Rohrbach,BE,2026,1484,363.72549,4.08,20.26,18418.1818,3639.69,19.761397,14778.4918
339,Rohrbachgraben,BE,2026,394,60.990712,6.46,7.02,6381.8182,563.86,8.835413,5817.9582
340,Rütschelen,BE,2026,566,142.211055,3.98,7.09,6445.4545,642.33,9.965628,5803.1245
341,Schwarzhäusern,BE,2026,525,138.522427,3.79,6.66,6054.5455,423.68,6.997718,5630.8655
342,Thunstetten,BE,2026,3425,354.554865,9.66,45.54,41400.0,1847.85,4.463406,39552.15
344,Ursenbach,BE,2026,879,95.856052,9.17,13.54,12309.0909,1634.66,13.280103,10674.4309
345,Wynau,BE,2026,1660,327.416174,5.07,16.01,14554.5455,2043.94,14.04331,12510.6055
351,Bern,BE,2026,134591,2607.342115,51.62,561.09,510081.8182,40399.6,7.92022,469682.2182
352,Bolligen,BE,2026,6286,379.36029,16.57,43.99,39990.9091,6041.82,15.107984,33949.0891
353,Bremgarten bei Bern,BE,2026,4369,2299.473684,1.9,21.97,19972.7273,234.25,1.172849,19738.4773
354,Kirchlindach,BE,2026,3214,268.729097,11.96,30.02,27290.9091,2215.53,8.118198,25075.3791
355,Köniz,BE,2026,42044,824.230543,51.01,211.7,192454.5455,10436.79,5.42299,182017.7555
356,Muri bei Bern,BE,2026,13023,1706.815203,7.63,71.26,64781.8182,2956.08,4.563132,61825.7382
357,Oberbalm,BE,2026,849,68.523002,12.39,14.99,13627.2727,1160.58,8.516598,12466.6927
358,Stettlen,BE,2026,3137,896.285714,3.5,21.46,19509.0909,3389.22,17.372516,16119.8709
359,Vechigen,BE,2026,5345,215.350524,24.82,49.91,45372.7273,3174.22,6.995877,42198.5073
360,Wohlen bei Bern,BE,2026,9266,255.121145,36.32,75.44,68581.8182,349.66,0.509844,68232.1582
361,Zollikofen,BE,2026,10471,1942.671614,5.39,56.63,51481.8182,7208.1,14.001254,44273.7182
362,Ittigen,BE,2026,11306,2691.904762,4.2,58.5,53181.8182,4694.59,8.827434,48487.2282
363,Ostermundigen,BE,2026,17772,2981.879195,5.96,64.7,58818.1818,8660.56,14.724291,50157.6218
371,Biel/Bienne,BE,2026,55602,2623.973572,21.19,254.34,231218.1818,20681.44,8.944556,210536.7418
372,Evilard,BE,2026,2654,717.297297,3.7,18.16,16509.0909,1574.69,9.53832,14934.4009
381,Arch,BE,2026,1629,255.329154,6.38,16.09,14627.2727,2430.2,16.61417,12197.0727
382,Büetigen,BE,2026,870,240.99723,3.61,11.04,10036.3636,2528.08,25.189203,7508.2836
383,Büren an der Aare,BE,2026,3584,284.444444,12.6,36.82,33472.7273,6605.16,19.73296,26867.5673
385,Diessbach bei Büren,BE,2026,994,157.030016,6.33,14.5,13181.8182,159.27,1.208255,13022.5482
386,Dotzigen,BE,2026,1478,349.408983,4.23,16.75,15227.2727,1930.02,12.674758,13297.2527
387,Lengnau (BE),BE,2026,5280,712.550607,7.41,38.25,34772.7273,3544.24,10.192586,31228.4873
388,Leuzigen,BE,2026,1289,125.389105,10.28,17.36,15781.8182,2597.84,16.460968,13183.9782
389,Meienried,BE,2026,50,76.923077,0.65,1.25,1136.3636,94.46,8.31248,1041.9036
390,Meinisberg,BE,2026,1298,295.671982,4.39,13.77,12518.1818,956.39,7.640007,11561.7918
391,Oberwil bei Büren,BE,2026,901,133.679525,6.74,12.43,11300.0,318.29,2.816726,10981.71
392,Pieterlen,BE,2026,4651,557.005988,8.35,31.99,29081.8182,4455.51,15.320603,24626.3082
393,Rüti bei Büren,BE,2026,857,131.846154,6.5,13.28,12072.7273,739.13,6.122312,11333.5973
394,Wengi,BE,2026,608,85.875706,7.08,11.7,10636.3636,226.69,2.131274,10409.6736
401,Aefligen,BE,2026,1096,537.254902,2.04,12.59,11445.4545,1425.63,12.455862,10019.8245
402,Alchenstorf,BE,2026,576,87.671233,6.57,9.53,8663.6364,1091.12,12.59425,7572.5164
403,Bäriswil,BE,2026,1046,383.150183,2.73,8.43,7663.6364,1183.3,15.440451,6480.3364
404,Burgdorf,BE,2026,16587,1066.002571,15.56,132.54,120490.9091,19775.73,16.412632,100715.1791
405,Ersigen,BE,2026,2039,131.888745,15.46,28.78,26163.6364,1977.39,7.55778,24186.2464
406,Hasle bei Burgdorf,BE,2026,3326,151.941526,21.89,38.94,35400.0,412.03,1.163927,34987.97
407,Heimiswil,BE,2026,1636,70.034247,23.36,24.71,22463.6364,983.7,4.379077,21479.9364
408,Hellsau,BE,2026,211,142.567568,1.48,2.97,2700.0,551.77,20.435926,2148.23
409,Hindelbank,BE,2026,2611,269.175258,9.7,25.97,23609.0909,3888.03,16.46836,19721.0609
410,Höchstetten,BE,2026,270,102.272727,2.64,4.76,4327.2727,383.67,8.866324,3943.6027
411,Kernenried,BE,2026,560,168.168168,3.33,7.5,6818.1818,792.82,11.628027,6025.3618
412,Kirchberg (BE),BE,2026,5916,653.701658,9.05,52.71,47918.1818,6360.57,13.273813,41557.6118
413,Koppigen,BE,2026,2082,300.4329,6.93,26.12,23745.4545,2245.3,9.455704,21500.1545
414,Krauchthal,BE,2026,2401,123.571796,19.43,24.47,22245.4545,2107.25,9.472722,20138.2045
415,Lyssach,BE,2026,1437,237.520661,6.05,27.13,24663.6364,6383.43,25.88195,18280.2064
418,Oberburg,BE,2026,2970,210.042433,14.14,28.77,26154.5455,4887.21,18.685892,21267.3355
420,Rüdtligen-Alchenflüh,BE,2026,2419,889.338235,2.72,23.06,20963.6364,691.53,3.298712,20272.1064
421,Rumendingen,BE,2026,79,32.377049,2.44,3.12,2836.3636,225.56,7.952436,2610.8036
422,Rüti bei Lyssach,BE,2026,167,129.457364,1.29,2.29,2081.8182,38.43,1.845983,2043.3882
423,Willadingen,BE,2026,204,94.009217,2.17,3.48,3163.6364,189.73,5.997213,2973.9064
424,Wynigen,BE,2026,2093,73.905367,28.32,29.34,26672.7273,1556.97,5.837311,25115.7573
431,Corgémont,BE,2026,1737,98.357871,17.66,20.74,18854.5455,2695.77,14.297719,16158.7755
432,Cormoret,BE,2026,490,36.350148,13.48,7.26,6600.0,670.21,10.154697,5929.79
433,Cortébert,BE,2026,688,46.612466,14.76,9.71,8827.2727,598.97,6.785448,8228.3027
434,Courtelary,BE,2026,1456,65.556056,22.21,18.44,16763.6364,2004.49,11.95737,14759.1464
435,La Ferrière,BE,2026,529,37.385159,14.15,10.57,9609.0909,1289.11,13.415525,8319.9809
437,Mont-Tramelan,BE,2026,109,23.491379,4.64,3.64,3309.0909,221.0,6.678571,3088.0909
438,Orvin,BE,2026,1196,55.396017,21.59,15.61,14190.9091,1109.97,7.821698,13080.9391
441,Renan (BE),BE,2026,927,73.396675,12.63,11.45,10409.0909,838.79,8.058245,9570.3009
442,Romont (BE),BE,2026,204,29.059829,7.02,2.77,2518.1818,166.85,6.625812,2351.3318
443,Saint-Imier,BE,2026,5140,246.286536,20.87,35.42,32200.0,3834.45,11.90823,28365.55
444,Sonceboz-Sombeval,BE,2026,1952,130.481283,14.96,18.3,16636.3636,1812.04,10.892044,14824.3236
445,Sonvilier,BE,2026,1237,52.018503,23.78,17.79,16172.7273,1102.73,6.818454,15069.9973
446,Tramelan,BE,2026,4580,184.454289,24.83,46.66,42418.1818,5366.21,12.650731,37051.9718
448,Villeret,BE,2026,924,56.896552,16.24,10.89,9900.0,978.27,9.881515,8921.73
449,Sauge,BE,2026,819,60.846954,13.46,9.94,9036.3636,0.0,0.0,9036.3636
450,Péry-La Heutte,BE,2026,1890,79.478553,23.78,16.95,15409.0909,38.22,0.248035,15370.8709
491,Brüttelen,BE,2026,588,88.956127,6.61,11.29,10263.6364,529.7,5.160939,9733.9364
492,Erlach,BE,2026,1388,397.707736,3.49,12.08,10981.8182,1375.82,12.528162,9605.9982
493,Finsterhennen,BE,2026,581,162.745098,3.57,8.06,7327.2727,539.11,7.357581,6788.1627
494,Gals,BE,2026,833,106.25,7.84,15.41,14009.0909,1681.63,12.003848,12327.4609
495,Gampelen,BE,2026,953,89.90566,10.6,20.72,18836.3636,1766.22,9.376651,17070.1436
496,Ins,BE,2026,3555,148.931713,23.87,47.78,43436.3636,6082.44,14.003106,37353.9236
497,Lüscherz,BE,2026,551,101.660517,5.42,6.6,6000.0,733.41,12.2235,5266.59
498,Müntschemier,BE,2026,1505,309.034908,4.87,30.1,27363.6364,3929.98,14.362053,23433.6564
499,Siselen,BE,2026,603,109.437387,5.51,9.72,8836.3636,932.3,10.55072,7904.0636
500,Treiten,BE,2026,411,86.708861,4.74,6.9,6272.7273,633.43,10.098159,5639.2973
501,Tschugg,BE,2026,472,143.465046,3.29,6.68,6072.7273,761.66,12.542305,5311.0673
502,Vinelz,BE,2026,877,192.324561,4.56,11.81,10736.3636,1293.83,12.050914,9442.5336
533,Bätterkinden,BE,2026,3249,318.842002,10.19,38.11,34645.4545,5727.04,16.530422,28918.4145
535,Deisswil bei Münchenbuchsee,BE,2026,91,42.12963,2.16,4.03,3663.6364,13.02,0.355385,3650.6164
538,Fraubrunnen,BE,2026,5180,162.331558,31.91,62.79,57081.8182,2043.89,3.580632,55037.9282
540,Jegenstorf,BE,2026,5761,427.057079,13.49,45.75,41590.9091,4790.45,11.518022,36800.4591
541,Iffwil,BE,2026,421,83.201581,5.06,6.36,5781.8182,950.26,16.435314,4831.5582
543,Mattstetten,BE,2026,575,151.71504,3.79,6.56,5963.6364,847.26,14.207104,5116.3764
544,Moosseedorf,BE,2026,4130,647.335423,6.38,38.21,34736.3636,4469.88,12.868014,30266.4836
546,Münchenbuchsee,BE,2026,10355,1175.368899,8.81,70.29,63900.0,10081.14,15.776432,53818.86
551,Urtenen-Schönbühl,BE,2026,6317,878.581363,7.19,36.28,32981.8182,5426.85,16.454066,27554.9682
552,Utzenstorf,BE,2026,4376,258.323495,16.94,56.71,51554.5455,7085.3,13.743308,44469.2455
553,Wiggiswil,BE,2026,103,71.527778,1.44,2.33,2118.1818,66.92,3.159313,2051.2618
554,Wiler bei Utzenstorf,BE,2026,985,257.853403,3.82,15.26,13872.7273,208.03,1.499561,13664.6973
556,Zielebach,BE,2026,319,167.015707,1.91,4.12,3745.4545,525.6,14.03301,3219.8545
557,Zuzwil (BE),BE,2026,570,164.26513,3.47,6.88,6254.5455,541.98,8.665378,5712.5655
561,Adelboden,BE,2026,3352,38.260473,87.61,53.45,48590.9091,5142.41,10.58307,43448.4991
562,Aeschi bei Spiez,BE,2026,2244,72.410455,30.99,30.16,27418.1818,384.85,1.403631,27033.3318
563,Frutigen,BE,2026,6940,96.015495,72.28,81.62,74200.0,6005.31,8.09341,68194.69
564,Kandergrund,BE,2026,821,25.584294,32.09,10.94,9945.4545,610.51,6.138583,9334.9445
565,Kandersteg,BE,2026,1281,9.536217,134.33,16.81,15281.8182,1735.46,11.356371,13546.3582
566,Krattigen,BE,2026,1131,188.5,6.0,9.19,8354.5455,1165.05,13.945103,7189.4955
567,Reichenbach im Kandertal,BE,2026,3624,28.814503,125.77,55.91,50827.2727,2668.92,5.25096,48158.3527
571,Beatenberg,BE,2026,1196,41.001028,29.17,20.58,18709.0909,1154.14,6.168873,17554.9509
572,Bönigen,BE,2026,2528,167.417218,15.1,18.67,16972.7273,1917.55,11.297831,15055.1773
573,Brienz (BE),BE,2026,3117,64.9375,48.0,42.26,38418.1818,3698.36,9.626588,34719.8218
574,Brienzwiler,BE,2026,473,26.814059,17.64,7.82,7109.0909,399.4,5.618159,6709.6909
575,Därligen,BE,2026,421,60.750361,6.93,2.73,2481.8182,278.22,11.21033,2203.5982
576,Grindelwald,BE,2026,3810,22.244278,171.28,83.82,76200.0,3159.92,4.146877,73040.08
577,Gsteigwiler,BE,2026,402,57.264957,7.02,4.01,3645.4545,288.05,7.901621,3357.4045
578,Gündlischwand,BE,2026,357,21.199525,16.84,3.43,3118.1818,88.07,2.824402,3030.1118
579,Habkern,BE,2026,648,12.698413,51.03,17.17,15609.0909,313.69,2.009662,15295.4009
580,Hofstetten bei Brienz,BE,2026,527,60.09122,8.77,9.58,8709.0909,48.36,0.555282,8660.7309
581,Interlaken,BE,2026,5634,1319.437939,4.27,46.49,42263.6364,5122.72,12.120869,37140.9164
582,Iseltwald,BE,2026,430,19.625742,21.91,5.03,4572.7273,218.29,4.773738,4354.4373
584,Lauterbrunnen,BE,2026,2279,13.85663,164.47,38.33,34845.4545,526.4,1.51067,34319.0545
585,Leissigen,BE,2026,1148,110.597302,10.38,7.74,7036.3636,1350.42,19.192016,5685.9436
586,Lütschental,BE,2026,226,18.403909,12.28,2.79,2536.3636,28.61,1.127993,2507.7536
587,Matten bei Interlaken,BE,2026,4115,696.277496,5.91,28.92,26290.9091,267.85,1.018793,26023.0591
588,Niederried bei Interlaken,BE,2026,365,85.280374,4.28,3.98,3618.1818,0.0,0.0,3618.1818
589,Oberried am Brienzersee,BE,2026,443,21.930693,20.2,7.08,6436.3636,480.34,7.46291,5956.0236
590,Ringgenberg (BE),BE,2026,2574,294.845361,8.73,22.9,20818.1818,2182.59,10.484057,18635.5918
591,Saxeten,BE,2026,93,4.788877,19.42,2.28,2072.7273,23.03,1.111096,2049.6973
592,Schwanden bei Brienz,BE,2026,630,89.235127,7.06,7.42,6745.4545,88.35,1.309771,6657.1045
593,Unterseen,BE,2026,5852,418.298785,13.99,37.68,34254.5455,5403.99,15.775979,28850.5555
594,Wilderswil,BE,2026,2669,202.350265,13.19,25.27,22972.7273,2353.47,10.244626,20619.2573
602,Arni (BE),BE,2026,930,89.165868,10.43,14.63,13300.0,1011.15,7.602632,12288.85
603,Biglen,BE,2026,1815,505.571031,3.59,20.21,18372.7273,2772.25,15.088941,15600.4773
605,Bowil,BE,2026,1364,92.85228,14.69,17.25,15681.8182,690.15,4.400957,14991.6682
606,Brenzikofen,BE,2026,492,224.657534,2.19,5.62,5109.0909,416.95,8.160943,4692.1409
607,Freimettigen,BE,2026,454,153.378378,2.96,4.42,4018.1818,989.77,24.632285,3028.4118
608,Grosshöchstetten,BE,2026,4151,598.989899,6.93,33.39,30354.5455,3926.43,12.935229,26428.1155
609,Häutligen,BE,2026,256,83.387622,3.07,3.71,3372.7273,234.06,6.939784,3138.6673
610,Herbligen,BE,2026,599,217.028986,2.76,6.87,6245.4545,626.64,10.033537,5618.8145
611,Kiesen,BE,2026,1012,215.778252,4.69,10.03,9118.1818,1658.46,18.188495,7459.7218
612,Konolfingen,BE,2026,5347,418.71574,12.77,49.2,44727.2727,5351.97,11.965787,39375.3027
613,Landiswil,BE,2026,607,59.161793,10.26,10.87,9881.8182,433.23,4.384112,9448.5882
614,Linden,BE,2026,1300,98.261527,13.23,19.32,17563.6364,1439.78,8.197505,16123.8564
615,Mirchel,BE,2026,626,267.521367,2.34,6.48,5890.9091,696.61,11.82517,5194.2991
616,Münsingen,BE,2026,12935,820.228281,15.77,86.81,78918.1818,12038.38,15.254254,66879.8018
617,Niederhünigen,BE,2026,656,121.03321,5.42,5.93,5390.9091,593.15,11.002782,4797.7591
619,Oberdiessbach,BE,2026,3533,214.511233,16.47,37.9,34454.5455,3286.26,9.537958,31168.2855
620,Oberthal,BE,2026,723,68.595825,10.54,12.27,11154.5455,765.83,6.865632,10388.7155
622,Oppligen,BE,2026,641,188.529412,3.4,6.75,6136.3636,945.96,15.415644,5190.4036
623,Rubigen,BE,2026,2877,415.751445,6.92,24.56,22327.2727,3545.75,15.880802,18781.5227
626,Walkringen,BE,2026,1768,102.73097,17.21,24.56,22327.2727,1495.9,6.699878,20831.3727
627,Worb,BE,2026,11479,544.544592,21.08,83.2,75636.3636,7836.75,10.361088,67799.6136
628,Zäziwil,BE,2026,1579,291.866913,5.41,15.66,14236.3636,1671.85,11.743519,12564.5136
629,Oberhünigen,BE,2026,313,52.079867,6.01,3.85,3500.0,323.17,9.233429,3176.83
630,Allmendingen,BE,2026,591,155.11811,3.81,7.5,6818.1818,171.57,2.51636,6646.6118
632,Wichtrach,BE,2026,4354,375.344828,11.6,33.51,30463.6364,4535.32,14.887651,25928.3164
662,Ferenbalm,BE,2026,1236,134.78735,9.17,19.34,17581.8182,388.93,2.212115,17192.8882
663,Frauenkappelen,BE,2026,1228,132.185145,9.29,14.46,13145.4545,1077.86,8.199488,12067.5945
665,Gurbrü,BE,2026,264,141.935484,1.86,4.72,4290.9091,242.7,5.656144,4048.2091
666,Kriechenwil,BE,2026,442,93.248945,4.74,6.51,5918.1818,604.05,10.206682,5314.1318
667,Laupen,BE,2026,3168,767.070218,4.13,24.55,22318.1818,5157.07,23.107035,17161.1118
668,Mühleberg,BE,2026,3013,114.737243,26.26,48.18,43800.0,1531.12,3.495708,42268.88
669,Münchenwiler,BE,2026,538,216.935484,2.48,6.8,6181.8182,631.42,10.214147,5550.3982
670,Neuenegg,BE,2026,5606,256.802565,21.83,56.41,51281.8182,4263.22,8.313317,47018.5982
671,Wileroltigen,BE,2026,372,89.638554,4.15,5.72,5200.0,918.3,17.659615,4281.7
681,Belprahon,BE,2026,291,76.17801,3.82,4.2,3818.1818,533.09,13.961881,3285.0918
683,Champoz,BE,2026,164,22.873082,7.17,3.18,2890.9091,346.47,11.984811,2544.4391
687,Corcelles (BE),BE,2026,201,29.602356,6.79,3.6,3272.7273,299.58,9.153833,2973.1473
690,Court,BE,2026,1415,57.496952,24.61,17.19,15627.2727,2203.45,14.100029,13423.8227
691,Crémines,BE,2026,499,52.637131,9.48,7.83,7118.1818,677.78,9.521814,6440.4018
692,Eschert,BE,2026,367,55.775076,6.58,4.14,3763.6364,459.3,12.203623,3304.3364
694,Grandval,BE,2026,396,48.0,8.25,5.18,4709.0909,426.95,9.066506,4282.1409
696,Loveresse,BE,2026,344,73.347548,4.69,6.04,5490.9091,563.37,10.26005,4927.5391
700,Moutier,BE,2026,7385,376.593575,19.61,48.79,44354.5455,5455.37,12.299461,38899.1755
701,Perrefitte,BE,2026,467,54.492415,8.57,4.96,4509.0909,488.84,10.84121,4020.2509
703,Reconvilier,BE,2026,2344,284.121212,8.25,24.31,22100.0,2432.3,11.005882,19667.7
704,Roches (BE),BE,2026,201,22.18543,9.06,2.11,1918.1818,146.59,7.642133,1771.5918
706,Saicourt,BE,2026,644,46.768337,13.77,10.33,9390.9091,166.62,1.774269,9224.2891
707,Saules (BE),BE,2026,152,35.514019,4.28,2.51,2281.8182,323.7,14.186056,1958.1182
708,Schelten,BE,2026,35,6.294964,5.56,0.77,700.0,30.86,4.408571,669.14
709,Seehof,BE,2026,60,7.125891,8.42,1.85,1681.8182,177.89,10.577243,1503.9282
711,Sorvilier,BE,2026,288,41.73913,6.9,4.19,3809.0909,386.39,10.14389,3422.7009
713,Tavannes,BE,2026,3570,241.542625,14.78,29.66,26963.6364,3323.64,12.326379,23639.9964
715,Rebévelier,BE,2026,42,11.830986,3.55,1.39,1263.6364,120.59,9.543094,1143.0464
716,Petit-Val,BE,2026,399,16.694561,23.9,10.36,9418.1818,6.0,0.063707,9412.1818
717,Valbirse,BE,2026,4012,214.775161,18.68,38.22,34745.4545,12.56,0.036149,34732.8945
723,La Neuveville,BE,2026,3756,553.982301,6.78,23.65,21500.0,2159.11,10.042372,19340.89
724,Nods,BE,2026,769,28.89891,26.61,14.0,12727.2727,1194.31,9.383864,11532.9627
726,Plateau de Diesse,BE,2026,2028,79.373777,25.55,27.74,25218.1818,0.0,0.0,25218.1818
731,Aegerten,BE,2026,2180,1009.259259,2.16,14.19,12900.0,2436.87,18.890465,10463.13
732,Bellmund,BE,2026,1682,443.799472,3.79,13.04,11854.5455,2131.69,17.982048,9722.8555
733,Brügg,BE,2026,4370,874.0,5.0,43.29,39354.5455,5149.84,13.085757,34204.7055
734,Bühl,BE,2026,476,160.26936,2.97,7.22,6563.6364,68.13,1.037992,6495.5064
735,Epsach,BE,2026,331,97.067449,3.41,4.83,4390.9091,442.57,10.079234,3948.3391
736,Hagneck,BE,2026,412,223.913043,1.84,5.09,4627.2727,530.18,11.457721,4097.0927
737,Hermrigen,BE,2026,313,91.520468,3.42,4.44,4036.3636,492.53,12.20232,3543.8336
738,Jens,BE,2026,649,141.703057,4.58,8.7,7909.0909,1055.07,13.339966,6854.0209
739,Ipsach,BE,2026,3968,2088.421053,1.9,19.27,17518.1818,2520.37,14.387167,14997.8118
740,Ligerz,BE,2026,547,305.586592,1.79,4.2,3818.1818,392.92,10.290762,3425.2618
741,Merzligen,BE,2026,391,170.0,2.3,4.76,4327.2727,633.31,14.635315,3693.9627
742,Mörigen,BE,2026,856,396.296296,2.16,8.54,7763.6364,1050.07,13.525492,6713.5664
743,Nidau,BE,2026,6872,4521.052632,1.52,28.03,25481.8182,2742.67,10.763243,22739.1482
744,Orpund,BE,2026,2873,723.677582,3.97,19.74,17945.4545,2661.54,14.831277,15283.9145
745,Port,BE,2026,3727,1515.04065,2.46,22.99,20900.0,2557.82,12.238373,18342.18
746,Safnern,BE,2026,1935,344.30605,5.62,18.8,17090.9091,2037.35,11.920665,15053.5591
747,Scheuren,BE,2026,437,207.109005,2.11,6.58,5981.8182,693.15,11.587614,5288.6682
748,Schwadernau,BE,2026,670,161.445783,4.15,9.88,8981.8182,674.87,7.513735,8306.9482
749,Studen (BE),BE,2026,3318,1215.384615,2.73,28.51,25918.1818,5657.82,21.829541,20260.3618
750,Sutz-Lattrigen,BE,2026,1391,389.635854,3.57,14.03,12754.5455,22.64,0.177505,12731.9055
751,Täuffelen,BE,2026,2890,661.327231,4.37,23.87,21700.0,2189.5,10.089862,19510.5
754,Walperswil,BE,2026,1032,148.275862,6.96,16.94,15400.0,2463.9,15.999351,12936.1
755,Worben,BE,2026,2411,873.550725,2.76,21.96,19963.6364,1650.55,8.267782,18313.0864
756,Twann-Tüscherz,BE,2026,1163,94.32279,12.33,11.05,10045.4545,13.23,0.131701,10032.2245
761,Därstetten,BE,2026,855,26.035323,32.84,18.79,17081.8182,330.44,1.934454,16751.3782
762,Diemtigen,BE,2026,2259,17.384947,129.94,48.8,44363.6364,631.26,1.422922,43732.3764
763,Erlenbach im Simmental,BE,2026,1733,47.233579,36.69,34.14,31036.3636,1709.61,5.508409,29326.7536
766,Oberwil im Simmental,BE,2026,789,17.129831,46.06,25.31,23009.0909,752.64,3.271055,22256.4509
767,Reutigen,BE,2026,1000,88.573959,11.29,10.62,9654.5455,1169.7,12.115537,8484.8455
768,Spiez,BE,2026,12870,771.120431,16.69,83.16,75600.0,7800.68,10.31836,67799.32
769,Wimmis,BE,2026,2559,114.496644,22.35,25.28,22981.8182,2540.71,11.055305,20441.1082
770,Stocken-Höfen,BE,2026,1012,71.16737,14.22,9.81,8918.1818,0.0,0.0,8918.1818
782,Guttannen,BE,2026,254,1.264625,200.85,5.08,4618.1818,644.61,13.958091,3973.5718
783,Hasliberg,BE,2026,1151,27.575467,41.74,33.63,30572.7273,25.92,0.084781,30546.8073
784,Innertkirchen,BE,2026,1069,4.517983,236.61,19.65,17863.6364,1185.35,6.635547,16678.2864
785,Meiringen,BE,2026,4639,114.176717,40.63,44.91,40827.2727,2833.28,6.939675,37993.9927
786,Schattenhalb,BE,2026,550,17.438174,31.54,7.12,6472.7273,379.02,5.855646,6093.7073
791,Boltigen,BE,2026,1252,16.244972,77.07,35.35,32136.3636,771.1,2.399463,31365.2636
792,Lenk,BE,2026,2324,18.880494,123.09,61.52,55927.2727,892.83,1.596413,55034.4427
793,St. Stephan,BE,2026,1330,21.842667,60.89,29.43,26754.5455,1014.46,3.79173,25740.0855
794,Zweisimmen,BE,2026,3040,41.643836,73.0,56.37,51245.4545,3373.71,6.583433,47871.7445
841,Gsteig,BE,2026,970,15.537402,62.43,21.55,19590.9091,158.7,0.81007,19432.2091
842,Lauenen,BE,2026,823,14.075594,58.47,18.03,16390.9091,36.53,0.222867,16354.3791
843,Saanen,BE,2026,6817,56.779943,120.06,139.25,126590.9091,2447.83,1.933654,124143.0791
852,Guggisberg,BE,2026,1523,27.736296,54.91,31.59,28718.1818,524.96,1.827971,28193.2218
853,Rüschegg,BE,2026,1676,29.249564,57.3,24.47,22245.4545,89.88,0.404038,22155.5745
855,Schwarzenburg,BE,2026,6744,150.535714,44.8,88.24,80218.1818,4870.46,6.071516,75347.7218
861,Belp,BE,2026,11572,497.506449,23.26,78.62,71472.7273,11671.51,16.330019,59801.2173
863,Burgistein,BE,2026,1113,148.005319,7.52,14.31,13009.0909,2043.34,15.707016,10965.7509
866,Gerzensee,BE,2026,1231,157.618438,7.81,13.19,11990.9091,1502.12,12.527157,10488.7891
867,Gurzelen,BE,2026,859,190.044248,4.52,10.18,9254.5455,938.22,10.137937,8316.3255
868,Jaberg,BE,2026,298,227.480916,1.31,3.75,3409.0909,576.47,16.909787,2832.6209
869,Kaufdorf,BE,2026,1112,539.805825,2.06,8.26,7509.0909,1288.91,17.164661,6220.1809
870,Kehrsatz,BE,2026,4331,975.45045,4.44,22.14,20127.2727,2117.93,10.522687,18009.3427
872,Kirchdorf (BE),BE,2026,1829,125.102599,14.62,24.91,22645.4545,1948.22,8.603139,20697.2345
877,Niedermuhlern,BE,2026,501,69.008264,7.26,10.12,9200.0,646.55,7.027717,8553.45
879,Riggisberg,BE,2026,3002,87.014493,34.5,40.02,36381.8182,3081.11,8.468818,33300.7082
880,Rüeggisberg,BE,2026,1761,49.176208,35.81,35.15,31954.5455,1446.63,4.527149,30507.9155
883,Seftigen,BE,2026,2161,555.526992,3.89,19.22,17472.7273,2158.32,12.352508,15314.4073
884,Toffen,BE,2026,2526,517.622951,4.88,21.36,19418.1818,2356.71,12.136615,17061.4718
885,Uttigen,BE,2026,2129,558.792651,3.81,17.7,16090.9091,2084.62,12.955266,14006.2891
886,Wattenwil,BE,2026,3018,207.565337,14.54,23.88,21709.0909,2888.41,13.305071,18820.6809
888,Wald (BE),BE,2026,1174,88.270677,13.3,20.86,18963.6364,43.0,0.22675,18920.6364
889,Thurnen,BE,2026,1973,331.596639,5.95,18.83,17118.1818,0.0,0.0,17118.1818
901,Eggiwil,BE,2026,2473,41.011609,60.3,37.47,34063.6364,1842.0,5.407526,32221.6364
902,Langnau im Emmental,BE,2026,9320,192.721257,48.36,91.15,82863.6364,5751.38,6.940777,77112.2564
903,Lauperswil,BE,2026,2664,125.719679,21.19,40.43,36754.5455,789.5,2.148034,35965.0455
904,Röthenbach im Emmental,BE,2026,1169,31.766304,36.8,19.53,17754.5455,907.79,5.113001,16846.7555
905,Rüderswil,BE,2026,2392,138.98896,17.21,31.35,28500.0,380.62,1.335509,28119.38
906,Schangnau,BE,2026,905,24.808114,36.48,16.08,14618.1818,2777.58,19.000858,11840.6018
907,Signau,BE,2026,2624,118.572074,22.13,35.0,31818.1818,1396.11,4.387774,30422.0718
908,Trub,BE,2026,1324,21.358284,61.99,21.58,19618.1818,863.35,4.400765,18754.8318
909,Trubschachen,BE,2026,1463,93.482428,15.65,14.34,13036.3636,2375.63,18.223103,10660.7336
921,Amsoldingen,BE,2026,795,168.789809,4.71,7.08,6436.3636,841.79,13.078658,5594.5736
922,Blumenstein,BE,2026,1248,80.412371,15.52,12.85,11681.8182,2249.81,19.259074,9432.0082
923,Buchholterberg,BE,2026,1523,99.347684,15.33,22.9,20818.1818,0.0,0.0,20818.1818
924,Eriz,BE,2026,491,22.543618,21.78,7.52,6836.3636,519.87,7.604481,6316.4936
925,Fahrni,BE,2026,819,122.60479,6.68,11.35,10318.1818,137.58,1.333374,10180.6018
927,Heiligenschwendi,BE,2026,707,127.387387,5.55,7.9,7181.8182,589.58,8.209342,6592.2382
928,Heimberg,BE,2026,6927,1273.345588,5.44,44.73,40663.6364,3796.0,9.335122,36867.6364
929,Hilterfingen,BE,2026,4057,1443.772242,2.81,20.52,18654.5455,1916.29,10.27251,16738.2555
931,Homberg,BE,2026,502,77.112135,6.51,7.15,6500.0,133.42,2.052615,6366.58
932,Horrenbach-Buchen,BE,2026,229,11.22549,20.4,4.87,4427.2727,0.0,0.0,4427.2727
934,Oberhofen am Thunersee,BE,2026,2425,894.833948,2.71,15.5,14090.9091,1194.05,8.473903,12896.8591
935,Oberlangenegg,BE,2026,464,50.655022,9.16,8.51,7736.3636,0.0,0.0,7736.3636
936,Pohlern,BE,2026,247,25.025329,9.87,2.67,2427.2727,128.77,5.305131,2298.5027
938,Sigriswil,BE,2026,4829,87.150334,55.41,51.38,46709.0909,1228.89,2.630944,45480.2009
939,Steffisburg,BE,2026,15929,1075.557056,14.81,100.0,90909.0909,10167.12,11.183832,80741.9709
940,Teuffenthal (BE),BE,2026,166,36.644592,4.53,3.01,2736.3636,37.18,1.358738,2699.1836
941,Thierachern,BE,2026,2471,328.15405,7.53,18.66,16963.6364,1751.85,10.32709,15211.7864
942,Thun,BE,2026,43632,2022.809458,21.57,259.97,236336.3636,24208.02,10.243037,212128.3436
943,Uebeschi,BE,2026,685,154.977376,4.42,8.39,7627.2727,758.0,9.938021,6869.2727
944,Uetendorf,BE,2026,5843,574.53294,10.17,63.59,57809.0909,12677.33,21.929648,45131.7609
945,Unterlangenegg,BE,2026,1008,148.235294,6.8,13.96,12690.9091,1253.24,9.8751,11437.6691
946,Wachseldorn,BE,2026,233,66.381766,3.51,4.46,4054.5455,0.0,0.0,4054.5455
947,Zwieselberg,BE,2026,329,133.739837,2.46,4.41,4009.0909,587.9,14.664172,3421.1909
948,Forst-Längenbühl,BE,2026,777,172.666667,4.5,9.15,8318.1818,12.48,0.150033,8305.7018
951,Affoltern im Emmental,BE,2026,1106,96.090356,11.51,20.78,18890.9091,612.18,3.240606,18278.7291
952,Dürrenroth,BE,2026,1046,74.026893,14.13,21.06,19145.4545,2456.29,12.829625,16689.1645
953,Eriswil,BE,2026,1374,121.164021,11.34,16.86,15327.2727,2160.77,14.09755,13166.5027
954,Huttwil,BE,2026,5004,290.25522,17.24,62.99,57263.6364,10426.33,18.207593,46837.3064
955,Lützelflüh,BE,2026,4197,156.196502,26.87,54.25,49318.1818,430.85,0.873613,48887.3318
956,Rüegsau,BE,2026,3224,214.077025,15.06,33.89,30809.0909,265.37,0.861337,30543.7209
957,Sumiswald,BE,2026,5026,84.698348,59.34,73.23,66572.7273,5342.67,8.025313,61230.0573
958,Trachselwald,BE,2026,962,60.275689,15.96,15.91,14463.6364,281.79,1.948265,14181.8464
959,Walterswil (BE),BE,2026,541,68.742058,7.87,10.43,9481.8182,731.72,7.717085,8750.0982
960,Wyssachen,BE,2026,1108,94.781865,11.69,19.11,17372.7273,2901.06,16.698932,14471.6673
971,Attiswil,BE,2026,1513,197.777778,7.65,17.47,15881.8182,1765.31,11.115289,14116.5082
972,Berken,BE,2026,41,29.496403,1.39,1.52,1381.8182,235.88,17.070263,1145.9382
973,Bettenhausen,BE,2026,644,163.451777,3.94,8.19,7445.4545,613.35,8.237912,6832.1045
975,Farnern,BE,2026,215,58.423913,3.68,3.41,3100.0,583.04,18.807742,2516.96
976,Graben,BE,2026,342,108.227848,3.16,4.45,4045.4545,606.16,14.98373,3439.2945
977,Heimenhausen,BE,2026,1140,195.205479,5.84,13.45,12227.2727,907.71,7.423651,11319.5627
979,Herzogenbuchsee,BE,2026,7255,738.798371,9.82,63.08,57345.4545,8601.74,14.999864,48743.7145
980,Inkwil,BE,2026,610,180.473373,3.38,7.81,7100.0,1177.91,16.590282,5922.09
981,Niederbipp,BE,2026,4992,252.503794,19.77,90.8,82545.4545,14928.34,18.084993,67617.1145
982,Niederönz,BE,2026,1681,602.508961,2.79,16.86,15327.2727,2948.17,19.234798,12379.1027
983,Oberbipp,BE,2026,1750,207.100592,8.45,25.52,23200.0,4431.22,19.100086,18768.78
985,Ochlenberg,BE,2026,570,47.029703,12.12,12.72,11563.6364,467.42,4.042154,11096.2164
987,Rumisberg,BE,2026,482,93.774319,5.14,6.14,5581.8182,628.72,11.263713,4953.0982
988,Seeberg,BE,2026,1529,91.011905,16.8,24.0,21818.1818,701.76,3.2164,21116.4218
989,Thörigen,BE,2026,1158,254.505494,4.55,14.08,12800.0,1975.98,15.437344,10824.02
990,Walliswil bei Niederbipp,BE,2026,217,147.619048,1.47,3.33,3027.2727,0.0,0.0,3027.2727
991,Walliswil bei Wangen,BE,2026,606,197.394137,3.07,7.58,6890.9091,325.08,4.71752,6565.8291
992,Wangen an der Aare,BE,2026,2321,444.636015,5.22,27.31,24827.2727,3703.13,14.915573,21124.1427
993,Wangenried,BE,2026,405,139.175258,2.91,5.08,4618.1818,549.79,11.904902,4068.3918
995,Wiedlisbach,BE,2026,2378,317.066667,7.5,31.87,28972.7273,2511.49,8.668463,26461.2373
1001,Doppleschwand,LU,2026,789,113.52518,6.95,7.96,7236.3636,1223.9,16.913191,6012.4636
1002,Entlebuch,LU,2026,3280,57.644991,56.9,43.46,39509.0909,4413.01,11.169607,35096.0809
1004,Flühli,LU,2026,1929,17.833041,108.17,35.17,31972.7273,2333.34,7.297907,29639.3873
1005,Hasle (LU),LU,2026,1736,43.066237,40.31,24.09,21900.0,5298.76,24.195251,16601.24
1007,Romoos,LU,2026,659,17.625033,37.39,11.85,10772.7273,1808.48,16.787578,8964.2473
1008,Schüpfheim,LU,2026,4206,109.588327,38.38,50.15,45590.9091,8410.8,18.448415,37180.1091
1009,Werthenstein,LU,2026,2180,137.974683,15.8,29.12,26472.7273,2323.29,8.776164,24149.4373
1010,Escholzmatt-Marbach,LU,2026,4351,40.892857,106.4,60.81,55281.8182,5328.21,9.638268,49953.6082
1021,Aesch (LU),LU,2026,1259,273.101952,4.61,17.94,16309.0909,3380.03,20.724822,12929.0609
1023,Ballwil,LU,2026,2710,309.007982,8.77,30.8,28000.0,4245.7,15.163214,23754.3
1024,Emmen,LU,2026,31043,1523.956799,20.37,172.25,156590.9091,28030.03,17.900164,128560.8791
1025,Ermensee,LU,2026,989,173.813708,5.69,13.51,12281.8182,1966.28,16.009682,10315.5382
1026,Eschenbach (LU),LU,2026,3627,274.564724,13.21,35.62,32381.8182,6536.96,20.187131,25844.8582
1030,Hitzkirch,LU,2026,5858,212.323306,27.59,72.46,65872.7273,3911.91,5.938588,61960.8173
1031,Hochdorf,LU,2026,9884,1025.311203,9.64,80.61,73281.8182,14418.21,19.675017,58863.6082
1032,Hohenrain,LU,2026,2403,103.488372,23.22,42.15,38318.1818,3696.84,9.647744,34621.3418
1033,Inwil,LU,2026,2641,255.910853,10.32,34.32,31200.0,6768.58,21.694167,24431.42
1037,Rain,LU,2026,2831,300.530786,9.42,29.68,26981.8182,6663.91,24.69778,20317.9082
1039,Römerswil,LU,2026,1788,107.710843,16.6,29.88,27163.6364,2009.71,7.398531,25153.9264
1040,Rothenburg,LU,2026,7678,495.674629,15.49,76.72,69745.4545,16730.2,23.987513,53015.2545
1041,Schongau,LU,2026,1030,82.864039,12.43,20.92,19018.1818,3538.14,18.603987,15480.0418
1051,Adligenswil,LU,2026,5460,781.11588,6.99,31.64,28763.6364,4673.12,16.246625,24090.5164
1052,Buchrain,LU,2026,6361,1325.208333,4.8,38.07,34609.0909,6722.94,19.425359,27886.1509
1053,Dierikon,LU,2026,1484,533.81295,2.78,18.0,16363.6364,2736.81,16.72495,13626.8264
1054,Ebikon,LU,2026,13849,1430.681818,9.68,66.34,60309.0909,10023.31,16.619899,50285.7809
1055,Gisikon,LU,2026,1412,1307.407407,1.08,7.25,6590.9091,1675.26,25.417738,4915.6491
1056,Greppen,LU,2026,1165,350.903615,3.32,7.42,6745.4545,1628.48,24.141887,5116.9745
1057,Honau,LU,2026,401,320.8,1.25,3.63,3300.0,1204.07,36.48697,2095.93
1058,Horw,LU,2026,14243,1107.542768,12.86,54.48,49527.2727,7753.52,15.655051,41773.7527
1059,Kriens,LU,2026,27847,1020.03663,27.3,105.48,95890.9091,12842.95,13.393293,83047.9591
1061,Luzern,LU,2026,82257,2826.701031,29.1,255.73,232481.8182,29857.09,12.842763,202624.7282
1062,Malters,LU,2026,7432,260.133007,28.57,63.4,57636.3636,11529.54,20.003934,46106.8236
1063,Meggen,LU,2026,7436,1022.833563,7.27,40.7,37000.0,7107.32,19.208973,29892.68
1064,Meierskappel,LU,2026,1451,213.382353,6.8,13.73,12481.8182,2243.46,17.973824,10238.3582
1065,Root,LU,2026,5126,592.601156,8.65,58.1,52818.1818,5085.0,9.627367,47733.1818
1066,Schwarzenberg,LU,2026,1726,43.918575,39.3,16.95,15409.0909,2136.75,13.866814,13272.3409
1067,Udligenswil,LU,2026,2294,368.810289,6.22,18.62,16927.2727,2945.06,17.398314,13982.2127
1068,Vitznau,LU,2026,1402,157.174888,8.92,10.1,9181.8182,2034.71,22.160208,7147.1082
1069,Weggis,LU,2026,4317,366.157761,11.79,34.69,31536.3636,5584.19,17.707146,25952.1736
1081,Beromünster,LU,2026,6624,157.227629,42.13,92.01,83645.4545,5212.83,6.232054,78432.6245
1082,Büron,LU,2026,2559,476.536313,5.37,26.93,24481.8182,5484.23,22.401237,18997.5882
1083,Buttisholz,LU,2026,3333,199.4614,16.71,46.8,42545.4545,16734.32,39.332803,25811.1345
1084,Eich,LU,2026,1630,274.410774,5.94,16.8,15272.7273,3066.98,20.081417,12205.7473
1085,Geuensee,LU,2026,2874,444.204019,6.47,19.66,17872.7273,3226.65,18.053484,14646.0773
1086,Grosswangen,LU,2026,3249,164.923858,19.7,46.95,42681.8182,11690.38,27.389602,30991.4382
1088,Hildisrieden,LU,2026,2343,332.8125,7.04,26.14,23763.6364,5896.72,24.814047,17866.9164
1089,Knutwil,LU,2026,2275,233.572895,9.74,27.73,25209.0909,2455.72,9.741406,22753.3709
1091,Mauensee,LU,2026,1460,202.216067,7.22,14.98,13618.1818,1269.24,9.320187,12348.9418
1093,Neuenkirch,LU,2026,7163,281.122449,25.48,60.43,54936.3636,7280.74,13.253043,47655.6236
1094,Nottwil,LU,2026,3965,383.833495,10.33,33.1,30090.9091,7579.07,25.187242,22511.8391
1095,Oberkirch,LU,2026,4794,526.813187,9.1,38.13,34663.6364,8126.37,23.443501,26537.2664
1097,Rickenbach (LU),LU,2026,3398,286.751055,11.85,40.44,36763.6364,7457.17,20.284092,29306.4664
1098,Ruswil,LU,2026,7046,155.712707,45.25,87.58,79618.1818,19941.96,25.046992,59676.2218
1099,Schenkon,LU,2026,3024,448.664688,6.74,25.86,23509.0909,4224.9,17.971346,19284.1909
1100,Schlierbach,LU,2026,921,128.451883,7.17,12.12,11018.1818,1816.18,16.483482,9202.0018
1102,Sempach,LU,2026,4208,472.278339,8.91,33.36,30327.2727,7980.98,26.316181,22346.2927
1103,Sursee,LU,2026,10195,1748.713551,5.83,87.08,79163.6364,16638.33,21.017642,62525.3064
1104,Triengen,LU,2026,4640,210.049796,22.09,60.04,54581.8182,7366.18,13.495666,47215.6382
1107,Wolhusen,LU,2026,4308,301.469559,14.29,30.07,27336.3636,9523.75,34.839125,17812.6136
1121,Alberswil,LU,2026,659,186.158192,3.54,9.56,8690.9091,1664.56,19.152887,7026.3491
1122,Altbüron,LU,2026,1012,149.925926,6.75,16.45,14954.5455,3953.14,26.434371,11001.4055
1123,Altishofen,LU,2026,1959,136.801676,14.32,36.69,33354.5455,6919.31,20.744729,26435.2355
1125,Dagmersellen,LU,2026,5608,234.939254,23.87,69.55,63227.2727,11375.07,17.990765,51852.2027
1127,Egolzwil,LU,2026,1514,362.200957,4.18,19.3,17545.4545,3977.4,22.669119,13568.0545
1128,Ettiswil,LU,2026,2730,217.011129,12.58,31.29,28445.4545,3278.49,11.525532,25166.9645
1129,Fischbach,LU,2026,700,86.956522,8.05,11.73,10663.6364,1342.42,12.588764,9321.2164
1131,Grossdietwil,LU,2026,854,83.72549,10.2,15.54,14127.2727,1841.92,13.038044,12285.3527
1132,Hergiswil bei Willisau,LU,2026,1905,60.784939,31.34,25.94,23581.8182,232.55,0.986141,23349.2682
1135,Luthern,LU,2026,1238,32.786017,37.76,23.74,21581.8182,2564.65,11.883382,19017.1682
1136,Menznau,LU,2026,2888,95.187871,30.34,46.79,42536.3636,7574.86,17.807963,34961.5036
1137,Nebikon,LU,2026,2695,722.520107,3.73,27.56,25054.5455,6450.07,25.744111,18604.4755
1139,Pfaffnau,LU,2026,2665,150.735294,17.68,39.6,36000.0,3961.24,11.003444,32038.76
1140,Reiden,LU,2026,7186,265.852756,27.03,77.93,70845.4545,9735.18,13.741432,61110.2745
1142,Roggliswil,LU,2026,698,112.399356,6.21,10.72,9745.4545,1387.7,14.239459,8357.7545
1143,Schötz,LU,2026,4530,296.660118,15.27,47.14,42854.5455,7200.59,16.802395,35653.9555
1145,Ufhusen,LU,2026,888,72.727273,12.21,17.61,16009.0909,3295.44,20.584804,12713.6509
1146,Wauwil,LU,2026,2261,763.851351,2.96,20.34,18490.9091,5761.5,31.158555,12729.4091
1147,Wikon,LU,2026,1520,183.574879,8.28,26.83,24390.9091,2124.8,8.711442,22266.1091
1150,Zell (LU),LU,2026,2097,150.754853,13.91,32.1,29181.8182,4140.49,14.188595,25041.3282
1151,Willisau,LU,2026,8970,189.961881,47.22,102.38,93072.7273,19147.64,20.572772,73925.0873
1201,Altdorf (UR),UR,2026,9537,934.084231,10.21,52.53,47754.5455,8442.32,17.678568,39312.2255
1202,Andermatt,UR,2026,1433,23.016383,62.26,23.11,21009.0909,126.97,0.604357,20882.1209
1203,Attinghausen,UR,2026,1750,37.32139,46.89,10.09,9172.7273,1045.12,11.393776,8127.6073
1205,Bürglen (UR),UR,2026,3995,75.292122,53.06,28.85,26227.2727,1775.55,6.769861,24451.7227
1206,Erstfeld,UR,2026,3845,65.070232,59.09,18.89,17172.7273,3763.68,21.916612,13409.0473
1207,Flüelen,UR,2026,1961,158.400646,12.38,10.37,9427.2727,943.22,10.005227,8484.0527
1208,Göschenen,UR,2026,431,4.138262,104.15,4.75,4318.1818,63.71,1.475389,4254.4718
1209,Gurtnellen,UR,2026,528,6.337775,83.31,6.16,5600.0,164.89,2.944464,5435.11
1210,Hospental,UR,2026,180,5.119454,35.16,5.4,4909.0909,167.53,3.412648,4741.5609
1211,Isenthal,UR,2026,474,7.774315,60.97,4.07,3700.0,53.04,1.433514,3646.96
1212,Realp,UR,2026,150,1.92604,77.88,5.19,4718.1818,118.62,2.514104,4599.5618
1213,Schattdorf,UR,2026,5413,331.475811,16.33,39.43,35845.4545,6705.99,18.708062,29139.4645
1214,Seedorf (UR),UR,2026,2051,106.379668,19.28,10.91,9918.1818,1282.53,12.9311,8635.6518
1215,Seelisberg,UR,2026,678,51.015801,13.29,7.36,6690.9091,747.55,11.172622,5943.3591
1216,Silenen,UR,2026,1957,13.51706,144.78,12.74,11581.8182,867.11,7.486821,10714.7082
1217,Sisikon,UR,2026,383,23.26853,16.46,2.12,1927.2727,196.26,10.183302,1731.0127
1218,Spiringen,UR,2026,830,12.832406,64.68,14.48,13163.6364,381.95,2.901554,12781.6864
1219,Unterschächen,UR,2026,702,8.744395,80.28,10.24,9309.0909,124.96,1.342344,9184.1309
1220,Wassen,UR,2026,405,4.180429,96.88,5.21,4736.3636,63.12,1.332668,4673.2436
1301,Einsiedeln,SZ,2026,16106,162.801981,98.93,126.14,114672.7273,10341.72,9.018465,104331.0073
1311,Gersau,SZ,2026,2326,162.090592,14.35,15.2,13818.1818,1627.92,11.781,12190.2618
1321,Feusisberg,SZ,2026,5350,305.714286,17.5,34.56,31418.1818,2180.61,6.940599,29237.5718
1322,Freienbach,SZ,2026,16506,1196.086957,13.8,80.7,73363.6364,1677.2,2.286146,71686.4364
1323,Wollerau,SZ,2026,7299,1158.571429,6.3,33.91,30827.2727,4102.94,13.309449,26724.3327
1331,Küssnacht (SZ),SZ,2026,13300,452.843037,29.37,91.48,83163.6364,10603.51,12.750176,72560.1264
1341,Altendorf,SZ,2026,7059,345.859873,20.41,45.53,41390.9091,5962.64,14.405675,35428.2691
1342,Galgenen,SZ,2026,5227,393.896006,13.27,34.43,31300.0,4725.13,15.096262,26574.87
1343,Innerthal,SZ,2026,177,3.530116,50.14,2.95,2681.8182,244.97,9.134475,2436.8482
1344,Lachen,SZ,2026,8883,3655.555556,2.43,37.9,34454.5455,2953.44,8.571989,31501.1055
1345,Reichenburg,SZ,2026,3825,331.168831,11.55,26.68,24254.5455,6875.82,28.348583,17378.7255
1346,Schübelbach,SZ,2026,9190,316.787315,29.01,48.0,43636.3636,2306.5,5.285729,41329.8636
1347,Tuggen,SZ,2026,3293,243.925926,13.5,34.5,31363.6364,5305.38,16.915704,26058.2564
1348,Vorderthal,SZ,2026,992,35.466571,27.97,9.43,8572.7273,962.97,11.232948,7609.7573
1349,Wangen (SZ),SZ,2026,5150,608.747045,8.46,39.13,35572.7273,7325.96,20.594316,28246.7673
1361,Alpthal,SZ,2026,621,27.141608,22.88,6.72,6109.0909,646.07,10.575551,5463.0209
1362,Arth,SZ,2026,12154,289.243218,42.02,63.99,58172.7273,8580.38,14.749833,49592.3473
1363,Illgau,SZ,2026,797,72.718978,10.96,6.42,5836.3636,619.18,10.609003,5217.1836
1364,Ingenbohl,SZ,2026,8952,668.059701,13.4,46.92,42654.5455,7779.39,18.238127,34875.1555
1365,Lauerz,SZ,2026,1114,121.218716,9.19,6.94,6309.0909,1047.08,16.596369,5262.0109
1366,Morschach,SZ,2026,1148,55.086372,20.84,12.89,11718.1818,716.42,6.113747,11001.7618
1367,Muotathal,SZ,2026,3486,20.250959,172.14,28.46,25872.7273,3784.24,14.626367,22088.4873
1368,Oberiberg,SZ,2026,870,26.22852,33.17,11.81,10736.3636,1193.4,11.115495,9542.9636
1369,Riemenstalden,SZ,2026,86,7.678571,11.2,1.31,1190.9091,83.98,7.051756,1106.9291
1370,Rothenthurm,SZ,2026,2460,108.131868,22.75,23.97,21790.9091,3323.07,15.2498,18467.8391
1371,Sattel,SZ,2026,1925,110.695802,17.39,18.75,17045.4545,1915.57,11.238011,15129.8845
1372,Schwyz,SZ,2026,15239,286.555096,53.18,116.34,105763.6364,4717.81,4.460711,101045.8264
1373,Steinen,SZ,2026,3608,304.472574,11.85,25.79,23445.4545,4381.83,18.689465,19063.6245
1374,Steinerberg,SZ,2026,939,135.693642,6.92,8.93,8118.1818,1324.77,16.318555,6793.4118
1375,Unteriberg,SZ,2026,2398,51.647642,46.43,20.26,18418.1818,1057.61,5.742206,17360.5718
1401,Alpnach,OW,2026,6053,112.551134,53.78,51.95,47227.2727,7102.03,15.037985,40125.2427
1402,Engelberg,OW,2026,4186,55.910244,74.87,35.94,32672.7273,2070.84,6.33813,30601.8873
1403,Giswil,OW,2026,3657,42.567804,85.91,41.72,37927.2727,5251.53,13.846316,32675.7427
1404,Kerns,OW,2026,6295,67.995247,92.58,54.59,49627.2727,5303.72,10.687108,44323.5527
1405,Lungern,OW,2026,2111,45.427157,46.47,23.01,20918.1818,2608.08,12.468005,18310.1018
1406,Sachseln,OW,2026,5170,95.936166,53.89,37.24,33854.5455,4621.85,13.652081,29232.6955
1407,Sarnen,OW,2026,10458,143.025164,73.12,94.03,85481.8182,6331.49,7.406827,79150.3282
1501,Beckenried,NW,2026,3697,152.453608,24.25,15.14,13763.6364,1728.49,12.558382,12035.1464
1502,Buochs,NW,2026,5285,530.62249,9.96,30.26,27509.0909,7300.07,26.536937,20209.0209
1503,Dallenwil,NW,2026,1832,118.422754,15.47,14.56,13236.3636,1277.8,9.653709,11958.5636
1504,Emmetten,NW,2026,1440,57.784912,24.92,7.56,6872.7273,569.56,8.287249,6303.1673
1505,Ennetbürgen,NW,2026,4779,512.76824,9.32,29.36,26690.9091,2803.41,10.503239,23887.4991
1506,Ennetmoos,NW,2026,2199,156.289979,14.07,16.74,15218.1818,3260.7,21.426344,11957.4818
1507,Hergiswil (NW),NW,2026,5776,403.916084,14.3,20.51,18645.4545,2150.11,11.53155,16495.3445
1508,Oberdorf (NW),NW,2026,3114,192.222222,16.2,22.68,20618.1818,2179.36,10.570088,18438.8218
1509,Stans,NW,2026,8254,744.945848,11.08,54.47,49518.1818,8729.46,17.628798,40788.7218
1510,Stansstad,NW,2026,4624,509.812569,9.07,19.49,17718.1818,2927.79,16.524212,14790.3918
1511,Wolfenschiessen,NW,2026,2087,22.513484,92.7,15.04,13672.7273,957.93,7.006137,12714.7973
1630,Glarus Nord,GL,2026,18626,126.716103,146.99,147.22,133836.3636,3404.55,2.543815,130431.8136
1631,Glarus Süd,GL,2026,9453,21.982187,430.03,107.22,97472.7273,0.0,0.0,97472.7273
1632,Glarus,GL,2026,12511,120.669367,103.68,75.31,68463.6364,3224.52,4.709829,65239.1164
1701,Baar,ZG,2026,24617,990.623743,24.85,131.9,119909.0909,21857.77,18.228618,98051.3209
1702,Cham,ZG,2026,16893,952.791878,17.73,88.46,80418.1818,12919.88,16.065869,67498.3018
1703,Hünenberg,ZG,2026,8784,477.131994,18.41,62.3,56636.3636,10951.44,19.336411,45684.9236
1704,Menzingen,ZG,2026,4551,165.430753,27.51,41.74,37945.4545,3881.31,10.228656,34064.1445
1705,Neuheim,ZG,2026,2237,282.093317,7.93,19.19,17445.4545,1818.83,10.42581,15626.6245
1706,Oberägeri,ZG,2026,6244,207.856192,30.04,43.73,39754.5455,3808.47,9.579961,35946.0755
1707,Risch,ZG,2026,10990,739.569314,14.86,64.62,58745.4545,452.51,0.770289,58292.9445
1708,Steinhausen,ZG,2026,10129,2009.722222,5.04,48.58,44163.6364,9169.83,20.763304,34993.8064
1709,Unterägeri,ZG,2026,8868,346.135831,25.62,47.88,43527.2727,6094.06,14.000556,37433.2127
1710,Walchwil,ZG,2026,3711,274.07681,13.54,21.08,19163.6364,2557.74,13.346841,16605.8964
1711,Zug,ZG,2026,30618,1415.533981,21.63,119.86,108963.6364,16164.73,14.834977,92798.9064
2008,Châtillon (FR),FR,2026,484,372.307692,1.3,4.05,3681.8182,753.41,20.462988,2928.4082
2011,Cugy (FR),FR,2026,1767,178.846154,9.88,22.18,20163.6364,3921.22,19.446988,16242.4164
2016,Fétigny,FR,2026,1068,260.487805,4.1,10.81,9827.2727,3135.96,31.910786,6691.3127
2022,Gletterens,FR,2026,1097,425.193798,2.58,13.23,12027.2727,1429.51,11.885571,10597.7627
2025,Lully (FR),FR,2026,1178,214.181818,5.5,10.3,9363.6364,984.68,10.516,8378.9564
2027,Ménières,FR,2026,437,99.771689,4.38,7.94,7218.1818,635.75,8.80762,6582.4318
2029,Montagny (FR),FR,2026,2677,152.622577,17.54,28.61,26009.0909,15.92,0.061209,25993.1709
2035,Nuvilly,FR,2026,446,112.060301,3.98,7.13,6481.8182,970.21,14.968177,5511.6082
2038,Prévondavaux,FR,2026,72,39.56044,1.82,1.35,1227.2727,108.49,8.839926,1118.7827
2041,Saint-Aubin (FR),FR,2026,1835,232.572877,7.89,24.45,22227.2727,6138.92,27.618863,16088.3527
2043,Sévaz,FR,2026,304,121.6,2.5,12.39,11263.6364,4878.22,43.309459,6385.4164
2044,Surpierre,FR,2026,1115,75.337838,14.8,18.74,17036.3636,525.1,3.082231,16511.2636
2045,Vallon,FR,2026,455,129.62963,3.51,6.1,5545.4545,1091.86,19.689279,4453.5945
2050,Les Montets,FR,2026,1520,147.859922,10.28,20.08,18254.5455,538.97,2.952525,17715.5755
2051,Delley-Portalban,FR,2026,1173,169.75398,6.91,14.91,13554.5455,37.69,0.278062,13516.8555
2053,Belmont-Broye,FR,2026,5559,215.548662,25.79,73.67,66972.7273,5579.76,8.331391,61392.9673
2054,Estavayer,FR,2026,9762,243.32004,40.12,101.64,92400.0,7444.01,8.056288,84955.99
2055,Cheyres-Châbles,FR,2026,2317,238.129496,9.73,24.39,22172.7273,1698.68,7.661123,20474.0473
2061,Auboranges,FR,2026,282,146.11399,1.93,4.26,3872.7273,441.57,11.402042,3431.1573
2063,Billens-Hennens,FR,2026,786,160.736196,4.89,10.03,9118.1818,25.8,0.282951,9092.3818
2066,Chapelle (Glâne),FR,2026,302,149.504951,2.02,3.6,3272.7273,407.11,12.439472,2865.6173
2067,Le Châtelard,FR,2026,364,48.598131,7.49,8.77,7972.7273,129.39,1.622908,7843.3373
2068,Châtonnaye,FR,2026,830,131.537242,6.31,10.57,9609.0909,1488.68,15.492412,8120.4109
2072,Ecublens (FR),FR,2026,335,68.647541,4.88,7.17,6518.1818,712.41,10.929582,5805.7718
2079,Grangettes,FR,2026,222,67.069486,3.31,3.99,3627.2727,14.2,0.391479,3613.0727
2086,Massonnens,FR,2026,533,124.242424,4.29,8.32,7563.6364,1544.82,20.424303,6018.8164
2087,Mézières (FR),FR,2026,1044,116.909295,8.93,15.42,14018.1818,1756.15,12.527659,12262.0318
2089,Montet (Glâne),FR,2026,394,179.090909,2.2,4.25,3863.6364,544.56,14.094494,3319.0764
2096,Romont (FR),FR,2026,5366,492.745638,10.89,62.59,56900.0,8793.12,15.453638,48106.88
2097,Rue,FR,2026,1524,136.071429,11.2,22.18,20163.6364,1444.99,7.166317,18718.6464
2099,Siviriez,FR,2026,2281,112.475345,20.28,38.55,35045.4545,2694.69,7.689128,32350.7645
2102,Ursy,FR,2026,3271,219.089082,14.93,33.96,30872.7273,3195.34,10.350041,27677.3873
2113,Vuisternens-devant-Romont,FR,2026,2330,97.042899,24.01,42.98,39072.7273,1549.0,3.964402,37523.7273
2114,Villorsonnens,FR,2026,1498,96.770026,15.48,25.23,22936.3636,138.4,0.603409,22797.9636
2115,Torny,FR,2026,973,95.67355,10.17,13.73,12481.8182,9.88,0.079155,12471.9382
2117,Villaz,FR,2026,2303,149.158031,15.44,30.1,27363.6364,0.0,0.0,27363.6364
2121,Haut-Intyamon,FR,2026,1559,25.866932,60.27,25.35,23045.4545,3.6,0.015621,23041.8545
2122,Pont-en-Ogoz,FR,2026,1920,188.976378,10.16,23.53,21390.9091,0.0,0.0,21390.9091
2123,Botterens,FR,2026,616,144.262295,4.27,5.64,5127.2727,1496.97,29.196223,3630.3027
2124,Broc,FR,2026,2627,261.914257,10.03,19.0,17272.7273,1252.13,7.249174,16020.5973
2125,Bulle,FR,2026,23871,1000.461023,23.86,161.83,147118.1818,29834.83,20.279499,117283.3518
2128,Châtel-sur-Montsalvens,FR,2026,295,145.320197,2.03,3.26,2963.6364,298.58,10.074785,2665.0564
2129,Corbières,FR,2026,908,94.288681,9.63,11.53,10481.8182,859.22,8.197242,9622.5982
2130,Crésuz,FR,2026,398,222.346369,1.79,5.36,4872.7273,403.57,8.28222,4469.1573
2131,Echarlens,FR,2026,829,178.27957,4.65,9.76,8872.7273,1361.19,15.341281,7511.5373
2134,Grandvillard,FR,2026,847,34.827303,24.32,12.83,11663.6364,1588.78,13.621652,10074.8564
2135,Gruyères,FR,2026,2212,77.777778,28.44,25.21,22918.1818,126.67,0.552705,22791.5118
2137,Hauteville,FR,2026,681,64.549763,10.55,8.39,7627.2727,786.62,10.313254,6840.6527
2138,Jaun,FR,2026,643,11.646441,55.21,13.9,12636.3636,399.8,3.163885,12236.5636
2140,Marsens,FR,2026,1959,249.55414,7.85,22.13,20118.1818,2443.03,12.143394,17675.1518
2143,Morlon,FR,2026,638,242.585551,2.63,4.73,4300.0,750.01,17.442093,3549.99
2145,Le Pâquier (FR),FR,2026,1336,297.550111,4.49,12.01,10918.1818,66.13,0.605687,10852.0518
2147,Pont-la-Ville,FR,2026,595,136.46789,4.36,8.28,7527.2727,768.73,10.212597,6758.5427
2148,Riaz,FR,2026,2791,359.664948,7.76,23.64,21490.9091,2681.72,12.478393,18809.1891
2149,La Roche,FR,2026,1744,72.485453,24.06,21.35,19409.0909,2960.12,15.251204,16448.9709
2152,Sâles,FR,2026,1441,76.567481,18.82,30.73,27936.3636,561.77,2.010892,27374.5936
2153,Sorens,FR,2026,1119,128.473019,8.71,18.57,16881.8182,1719.04,10.182789,15162.7782
2155,Vaulruz,FR,2026,1071,106.039604,10.1,17.47,15881.8182,2292.77,14.436445,13589.0482
2160,Vuadens,FR,2026,2435,233.014354,10.45,32.73,29754.5455,4877.59,16.392756,24876.9555
2162,Bas-Intyamon,FR,2026,1549,46.460708,33.34,19.36,17600.0,0.0,0.0,17600.0
2163,Val-de-Charmey,FR,2026,2538,22.64656,112.07,37.05,33681.8182,24.57,0.072947,33657.2482
2173,Autigny,FR,2026,796,127.974277,6.22,10.76,9781.8182,1350.85,13.809805,8430.9682
2174,Avry,FR,2026,1925,330.188679,5.83,28.45,25863.6364,136.7,0.528541,25726.9364
2175,Belfaux,FR,2026,3280,369.369369,8.88,23.96,21781.8182,2406.9,11.050042,19374.9182
2177,Chénens,FR,2026,842,213.705584,3.94,9.12,8290.9091,1613.16,19.456974,6677.7491
2183,Corminboeuf,FR,2026,2717,375.795297,7.23,24.83,22572.7273,5037.71,22.317684,17535.0173
2186,Cottens (FR),FR,2026,1504,302.615694,4.97,14.97,13609.0909,2833.29,20.819098,10775.8009
2194,Ferpicloz,FR,2026,266,260.784314,1.02,3.3,3000.0,376.15,12.538333,2623.85
2196,Fribourg,FR,2026,38197,4116.056034,9.28,136.94,124490.9091,10255.65,8.238071,114235.2591
2197,Givisiez,FR,2026,3177,918.208093,3.46,41.31,37554.5455,8112.37,21.601566,29442.1755
2198,Granges-Paccot,FR,2026,3773,945.614035,3.99,32.86,29872.7273,3739.4,12.517772,26133.3273
2200,Grolley,FR,2026,1972,369.288389,5.34,21.48,19527.2727,3060.04,15.670596,16467.2327
2206,Marly,FR,2026,8138,1054.145078,7.72,51.8,47090.9091,7973.35,16.931824,39117.5591
2208,Matran,FR,2026,1543,530.24055,2.91,23.19,21081.8182,6289.53,29.833907,14792.2882
2211,Neyruz (FR),FR,2026,2664,481.735986,5.53,17.43,15845.4545,3051.29,19.256563,12794.1645
2216,Pierrafortscha,FR,2026,160,31.620553,5.06,4.84,4400.0,702.88,15.974545,3697.12
2217,Ponthaux,FR,2026,750,126.903553,5.91,8.74,7945.4545,1102.38,13.874348,6843.0745
2220,Le Mouret,FR,2026,3135,168.911638,18.56,36.28,32981.8182,2236.0,6.779493,30745.8182
2226,Treyvaux,FR,2026,1483,130.087719,11.4,20.37,18518.1818,2379.68,12.850506,16138.5018
2228,Villars-sur-Glâne,FR,2026,12228,2231.386861,5.48,60.94,55400.0,6927.35,12.504242,48472.65
2230,Villarsel-sur-Marly,FR,2026,72,51.798561,1.39,1.8,1636.3636,25.3,1.546111,1611.0636
2233,Hauterive (FR),FR,2026,2531,211.44528,11.97,31.86,28963.6364,11.44,0.039498,28952.1964
2234,La Brillaz,FR,2026,2052,199.030068,10.31,19.74,17945.4545,0.0,0.0,17945.4545
2235,La Sonnaz,FR,2026,1173,168.534483,6.96,12.74,11581.8182,0.0,0.0,11581.8182
2236,Gibloux,FR,2026,7606,210.926234,36.06,82.31,74827.2727,0.0,0.0,74827.2727
2237,Prez,FR,2026,2246,140.024938,16.04,27.99,25445.4545,0.0,0.0,25445.4545
2238,Bois-d'Amont,FR,2026,2273,185.09772,12.28,24.09,21900.0,0.0,0.0,21900.0
2250,Courgevaux,FR,2026,1428,422.485207,3.38,11.42,10381.8182,1504.15,14.48831,8877.6682
2254,Courtepin,FR,2026,5468,249.908592,21.88,52.72,47927.2727,4871.3,10.163942,43055.9727
2257,Cressier (FR),FR,2026,1003,240.527578,4.17,12.47,11336.3636,2519.8,22.227586,8816.5636
2258,Fräschels,FR,2026,454,145.980707,3.11,10.28,9345.4545,912.03,9.759076,8433.4245
2261,Greng,FR,2026,173,180.208333,0.96,2.54,2309.0909,120.23,5.206811,2188.8609
2262,Gurmels,FR,2026,4404,253.979239,17.34,47.06,42781.8182,2370.42,5.540718,40411.3982
2265,Kerzers,FR,2026,5029,409.527687,12.28,63.13,57390.9091,8211.5,14.308015,49179.4091
2266,Kleinbösingen,FR,2026,702,232.450331,3.02,6.5,5909.0909,928.12,15.706646,4980.9709
2271,Meyriez,FR,2026,573,1685.294118,0.34,4.24,3854.5455,975.71,25.313231,2878.8355
2272,Misery-Courtion,FR,2026,2116,185.940246,11.38,21.21,19281.8182,37.19,0.192876,19244.6282
2274,Muntelier,FR,2026,954,867.272727,1.1,8.93,8118.1818,1168.48,14.393371,6949.7018
2275,Murten,FR,2026,8259,334.37247,24.7,88.86,80781.8182,8048.23,9.962923,72733.5882
2276,Ried bei Kerzers,FR,2026,1160,153.642384,7.55,47.66,43327.2727,1315.46,3.036102,42011.8127
2278,Ulmiz,FR,2026,449,158.098591,2.84,6.33,5754.5455,514.12,8.934155,5240.4255
2284,Mont-Vully,FR,2026,4015,229.297544,17.51,51.99,47263.6364,2777.4,5.876399,44486.2364
2292,Brünisried,FR,2026,653,200.923077,3.25,8.24,7490.9091,889.46,11.873859,6601.4491
2293,Düdingen,FR,2026,8181,265.962289,30.76,86.94,79036.3636,10037.74,12.700154,68998.6236
2294,Giffers,FR,2026,1638,313.793103,5.22,15.41,14009.0909,1681.35,12.001849,12327.7409
2295,Bösingen,FR,2026,3409,237.892533,14.33,38.3,34818.1818,5430.46,15.596621,29387.7218
2296,Heitenried,FR,2026,1402,153.559693,9.13,17.58,15981.8182,2916.71,18.250176,13065.1082
2299,Plaffeien,FR,2026,3621,54.426574,66.53,49.58,45072.7273,1781.71,3.952967,43291.0173
2300,Plasselb,FR,2026,1013,55.781938,18.16,12.43,11300.0,1042.96,9.229735,10257.04
2301,Rechthalten,FR,2026,1108,151.573187,7.31,15.08,13709.0909,1557.78,11.363117,12151.3109
2303,St. Silvester,FR,2026,971,137.926136,7.04,11.51,10463.6364,1059.06,10.121338,9404.5764
2304,St. Ursen,FR,2026,1345,85.559796,15.72,23.48,21345.4545,2260.6,10.590545,19084.8545
2305,Schmitten (FR),FR,2026,4037,299.037037,13.5,44.25,40227.2727,4293.69,10.67358,35933.5827
2306,Tafers,FR,2026,7639,184.740024,41.35,91.68,83345.4545,4205.39,5.045734,79140.0645
2307,Tentlingen,FR,2026,1338,370.637119,3.61,13.29,12081.8182,1466.05,12.134349,10615.7682
2308,Ueberstorf,FR,2026,2379,147.672253,16.11,28.65,26045.4545,2790.7,10.714729,23254.7545
2309,Wünnewil-Flamatt,FR,2026,5569,419.668425,13.27,44.53,40481.8182,3727.65,9.208208,36754.1682
2321,Attalens,FR,2026,3562,365.708419,9.74,30.15,27409.0909,3706.03,13.521171,23703.0609
2323,Bossonnens,FR,2026,1512,366.990291,4.12,14.49,13172.7273,2436.46,18.496246,10736.2673
2325,Châtel-Saint-Denis,FR,2026,7216,150.55289,47.93,70.32,63927.2727,10805.64,16.90302,53121.6327
2328,Granges (Veveyse),FR,2026,864,193.721973,4.46,11.85,10772.7273,3212.84,29.823831,7559.8873
2333,Remaufens,FR,2026,1152,194.923858,5.91,11.23,10209.0909,1089.66,10.673428,9119.4309
2335,Saint-Martin (FR),FR,2026,1028,105.112474,9.78,16.09,14627.2727,1055.01,7.212623,13572.2627
2336,Semsales,FR,2026,1435,48.876022,29.36,20.71,18827.2727,3541.18,18.808778,15286.0927
2337,Le Flon,FR,2026,1201,125.496343,9.57,15.81,14372.7273,0.0,0.0,14372.7273
2338,La Verrerie,FR,2026,1254,93.373045,13.43,21.56,19600.0,1707.09,8.709643,17892.91
2401,Egerkingen,SO,2026,3793,545.755396,6.95,40.06,36418.1818,2756.39,7.568719,33661.7918
2402,Härkingen,SO,2026,1638,297.277677,5.51,34.45,31318.1818,4920.67,15.711864,26397.5118
2403,Kestenholz,SO,2026,1829,212.922002,8.59,20.26,18418.1818,3722.89,20.213124,14695.2918
2404,Neuendorf,SO,2026,2246,314.565826,7.14,47.59,43263.6364,13056.7,30.179386,30206.9364
2405,Niederbuchsiten,SO,2026,1246,226.958106,5.49,13.5,12272.7273,1881.27,15.328867,10391.4573
2406,Oberbuchsiten,SO,2026,2282,243.024494,9.39,23.37,21245.4545,3798.31,17.878224,17447.1445
2407,Oensingen,SO,2026,6264,517.68595,12.1,66.14,60127.2727,8586.02,14.279743,51541.2527
2408,Wolfwil,SO,2026,2307,335.319767,6.88,27.19,24718.1818,4615.89,18.674068,20102.2918
2421,Aedermannsdorf,SO,2026,579,44.814241,12.92,8.61,7827.2727,603.73,7.713159,7223.5427
2422,Balsthal,SO,2026,6239,397.135582,15.71,48.97,44518.1818,6703.93,15.058858,37814.2518
2424,Herbetswil,SO,2026,565,34.662577,16.3,6.54,5945.4545,867.75,14.595183,5077.7045
2425,Holderbank (SO),SO,2026,692,89.290323,7.75,7.49,6809.0909,688.91,10.117503,6120.1809
2426,Laupersdorf,SO,2026,1808,116.645161,15.5,18.54,16854.5455,2187.49,12.978635,14667.0555
2427,Matzendorf,SO,2026,1340,118.899734,11.27,17.7,16090.9091,1110.64,6.902282,14980.2691
2428,Mümliswil-Ramiswil,SO,2026,2404,67.756483,35.48,26.04,23672.7273,6.6,0.02788,23666.1273
2430,Welschenrohr-Gänsbrunnen,SO,2026,1158,47.3426,24.46,13.56,12327.2727,0.0,0.0,12327.2727
2445,Biezwil,SO,2026,327,78.795181,4.15,5.3,4818.1818,1132.77,23.510321,3685.4118
2455,Lüterkofen-Ichertswil,SO,2026,829,187.133183,4.43,10.17,9245.4545,22.63,0.244769,9222.8245
2456,Lüterswil-Gächliwil,SO,2026,320,104.575163,3.06,5.34,4854.5455,20.16,0.415281,4834.3855
2457,Messen,SO,2026,1476,124.137931,11.89,20.8,18909.0909,2110.61,11.16188,16798.4809
2461,Schnottwil,SO,2026,1140,158.995816,7.17,14.85,13500.0,3424.38,25.365778,10075.62
2463,Unterramsern,SO,2026,218,137.974683,1.58,3.28,2981.8182,502.98,16.868232,2478.8382
2464,Lüsslingen-Nennigkofen,SO,2026,1084,138.796415,7.81,16.0,14545.4545,45.6,0.3135,14499.8545
2465,Buchegg,SO,2026,2560,113.32448,22.59,34.7,31545.4545,0.0,0.0,31545.4545
2471,Bättwil,SO,2026,1166,698.203593,1.67,10.58,9618.1818,877.17,9.119915,8741.0118
2472,Büren (SO),SO,2026,1059,169.983949,6.23,8.65,7863.6364,901.76,11.467468,6961.8764
2473,Dornach,SO,2026,6849,1182.901554,5.79,38.4,34909.0909,3814.19,10.926065,31094.9009
2474,Gempen,SO,2026,901,150.417362,5.99,8.92,8109.0909,1063.1,13.109978,7045.9909
2475,Hochwald,SO,2026,1290,154.491018,8.35,12.8,11636.3636,2350.65,20.200898,9285.7136
2476,Hofstetten-Flüh,SO,2026,3209,426.728723,7.52,22.12,20109.0909,2334.3,11.608183,17774.7909
2477,Metzerlen-Mariastein,SO,2026,925,109.080189,8.48,10.68,9709.0909,10.62,0.109382,9698.4709
2478,Nuglar-St. Pantaleon,SO,2026,1488,234.700315,6.34,11.86,10781.8182,72.8,0.675211,10709.0182
2479,Rodersdorf,SO,2026,1336,249.719626,5.35,10.76,9781.8182,1722.87,17.612983,8058.9482
2480,Seewen,SO,2026,1003,61.496015,16.31,12.51,11372.7273,7079.61,62.250767,4293.1173
2481,Witterswil,SO,2026,1452,543.820225,2.67,12.28,11163.6364,1389.15,12.443526,9774.4864
2491,Hauenstein-Ifenthal,SO,2026,308,57.570093,5.35,4.34,3945.4545,13.07,0.331267,3932.3845
2492,Kienberg,SO,2026,504,59.08558,8.53,7.18,6527.2727,696.94,10.677354,5830.3327
2493,Lostorf,SO,2026,3942,297.509434,13.25,33.36,30327.2727,3844.0,12.67506,26483.2727
2495,Niedergösgen,SO,2026,3830,886.574074,4.32,30.59,27809.0909,2966.02,10.665649,24843.0709
2497,Obergösgen,SO,2026,2271,625.619835,3.63,15.83,14390.9091,1787.19,12.418882,12603.7191
2499,Stüsslingen,SO,2026,1196,142.550656,8.39,13.06,11872.7273,1083.71,9.127726,10789.0173
2500,Trimbach,SO,2026,6595,867.763158,7.6,34.03,30936.3636,3261.78,10.543515,27674.5836
2501,Winznau,SO,2026,1902,482.741117,3.94,15.51,14100.0,2391.29,16.959504,11708.71
2502,Wisen (SO),SO,2026,433,90.39666,4.79,4.89,4445.4545,707.5,15.915133,3737.9545
2503,Erlinsbach (SO),SO,2026,3555,400.789177,8.87,25.66,23327.2727,2312.03,9.911274,21015.2427
2511,Aeschi (SO),SO,2026,1257,229.379562,5.48,12.26,11145.4545,1388.69,12.459698,9756.7645
2513,Biberist,SO,2026,8766,715.591837,12.25,78.36,71236.3636,7362.72,10.33562,63873.6436
2514,Bolken,SO,2026,595,280.660377,2.12,5.26,4781.8182,731.53,15.298156,4050.2882
2516,Deitingen,SO,2026,2220,292.105263,7.6,27.24,24763.6364,7008.57,28.301861,17755.0664
2517,Derendingen,SO,2026,6520,1160.142349,5.62,50.1,45545.4545,6980.19,15.325766,38565.2645
2518,Etziken,SO,2026,917,272.106825,3.37,11.08,10072.7273,1668.99,16.569395,8403.7373
2519,Gerlafingen,SO,2026,5336,2884.324324,1.85,43.38,39436.3636,9176.27,23.26855,30260.0936
2520,Halten,SO,2026,836,451.891892,1.85,7.7,7000.0,817.31,11.675857,6182.69
2523,Horriwil,SO,2026,830,314.393939,2.64,8.57,7790.9091,1824.17,23.414084,5966.7391
2524,Hüniken,SO,2026,153,150.0,1.02,1.71,1554.5455,190.43,12.249883,1364.1155
2525,Kriegstetten,SO,2026,1304,1143.859649,1.14,10.96,9963.6364,1116.71,11.207856,8846.9264
2526,Lohn-Ammannsegg,SO,2026,2844,634.821429,4.48,25.12,22836.3636,4154.34,18.191775,18682.0236
2527,Luterbach,SO,2026,3488,771.681416,4.52,38.44,34945.4545,8333.33,23.846678,26612.1245
2528,Obergerlafingen,SO,2026,1225,811.258278,1.51,13.34,12127.2727,1563.19,12.889873,10564.0827
2529,Oekingen,SO,2026,872,364.853557,2.39,7.63,6936.3636,877.62,12.652451,6058.7436
2530,Recherswil,SO,2026,2017,600.297619,3.36,18.32,16654.5455,1941.59,11.658019,14712.9555
2532,Subingen,SO,2026,3173,506.060606,6.27,30.72,27927.2727,3379.72,12.101862,24547.5527
2534,Zuchwil,SO,2026,9041,1952.699784,4.63,60.49,54990.9091,13031.38,23.697335,41959.5291
2535,Drei Höfe,SO,2026,740,161.925602,4.57,8.29,7536.3636,0.0,0.0,7536.3636
2541,Balm bei Günsberg,SO,2026,209,38.20841,5.47,2.7,2454.5455,64.75,2.637963,2389.7955
2542,Bellach,SO,2026,5284,998.865785,5.29,47.64,43309.0909,6583.03,15.200111,36726.0609
2543,Bettlach,SO,2026,4971,407.793273,12.19,36.44,33127.2727,3730.2,11.260209,29397.0727
2544,Feldbrunnen-St. Niklaus,SO,2026,991,394.820717,2.51,6.56,5963.6364,0.0,0.0,5963.6364
2545,Flumenthal,SO,2026,1004,322.829582,3.11,10.49,9536.3636,698.27,7.322183,8838.0936
2546,Grenchen,SO,2026,17468,671.07184,26.03,115.03,104572.7273,14290.64,13.665743,90282.0873
2547,Günsberg,SO,2026,1176,223.574144,5.26,10.83,9845.4545,1155.74,11.738818,8689.7145
2548,Hubersdorf,SO,2026,737,545.925926,1.35,5.68,5163.6364,527.05,10.206954,4636.5864
2549,Kammersrohr,SO,2026,32,33.684211,0.95,0.75,681.8182,29.7,4.356,652.1182
2550,Langendorf,SO,2026,3806,1951.794872,1.95,24.18,21981.8182,3151.07,14.334892,18830.7482
2551,Lommiswil,SO,2026,1540,267.361111,5.76,13.74,12490.9091,1383.61,11.076936,11107.2991
2553,Oberdorf (SO),SO,2026,1749,146.851385,11.91,15.82,14381.8182,2078.19,14.45012,12303.6282
2554,Riedholz,SO,2026,2323,324.895105,7.15,23.63,21481.8182,2770.37,12.896348,18711.4482
2555,Rüttenen,SO,2026,1465,167.04675,8.77,11.68,10618.1818,1605.56,15.120856,9012.6218
2556,Selzach,SO,2026,3434,176.373909,19.47,37.83,34390.9091,6608.72,19.216474,27782.1891
2571,Boningen,SO,2026,769,278.623188,2.76,8.64,7854.5455,675.59,8.601262,7178.9555
2572,Däniken,SO,2026,2914,536.648251,5.43,42.25,38409.0909,3902.08,10.159262,34507.0109
2573,Dulliken,SO,2026,5082,841.390729,6.04,37.61,34190.9091,2649.14,7.748083,31541.7691
2574,Eppenberg-Wöschnau,SO,2026,327,180.662983,1.81,5.34,4854.5455,13.44,0.276854,4841.1055
2575,Fulenbach,SO,2026,1785,398.4375,4.48,20.64,18763.6364,2916.12,15.541337,15847.5164
2576,Gretzenbach,SO,2026,2779,476.672384,5.83,28.58,25981.8182,2687.93,10.345427,23293.8882
2578,Gunzgen,SO,2026,1654,420.86514,3.93,18.85,17136.3636,2252.6,13.145146,14883.7636
2579,Hägendorf,SO,2026,5140,368.723099,13.94,46.44,42218.1818,7414.24,17.561723,34803.9418
2580,Kappel (SO),SO,2026,3265,640.196078,5.1,20.04,18218.1818,1975.52,10.843673,16242.6618
2581,Olten,SO,2026,18399,1601.305483,11.49,101.59,92354.5455,8323.65,9.012713,84030.8955
2582,Rickenbach (SO),SO,2026,1038,376.086956,2.76,13.4,12181.8182,2095.83,17.204575,10085.9882
2583,Schönenwerd,SO,2026,4966,1338.544474,3.71,35.44,32218.1818,4751.24,14.747077,27466.9418
2584,Starrkirch-Wil,SO,2026,1710,924.324324,1.85,9.55,8681.8182,1553.29,17.891298,7128.5282
2585,Walterswil (SO),SO,2026,724,161.607143,4.48,11.06,10054.5455,1617.21,16.084367,8437.3355
2586,Wangen bei Olten,SO,2026,5134,737.643678,6.96,37.38,33981.8182,1579.14,4.647014,32402.6782
2601,Solothurn,SO,2026,16933,2696.33758,6.28,96.41,87645.4545,9439.39,10.769971,78206.0645
2611,Bärschwil,SO,2026,801,71.581769,11.19,7.22,6563.6364,683.21,10.409017,5880.4264
2612,Beinwil (SO),SO,2026,275,12.135922,22.66,5.41,4918.1818,253.61,5.15658,4664.5718
2613,Breitenbach,SO,2026,3914,575.588235,6.8,29.62,26927.2727,4198.81,15.59315,22728.4627
2614,Büsserach,SO,2026,2298,304.370861,7.55,22.33,20300.0,6027.22,29.690739,14272.78
2615,Erschwil,SO,2026,935,125.841184,7.43,6.71,6100.0,909.12,14.903607,5190.88
2616,Fehren,SO,2026,608,410.810811,1.48,4.42,4018.1818,856.58,21.317602,3161.6018
2617,Grindel,SO,2026,520,168.831169,3.08,3.53,3209.0909,409.31,12.754703,2799.7809
2618,Himmelried,SO,2026,947,157.048093,6.03,8.28,7527.2727,842.03,11.186389,6685.2427
2619,Kleinlützel,SO,2026,1238,75.857843,16.32,14.37,13063.6364,1946.76,14.902129,11116.8764
2620,Meltingen,SO,2026,668,115.972222,5.76,5.0,4545.4545,827.91,18.21402,3717.5445
2621,Nunningen,SO,2026,1897,183.99612,10.31,18.46,16781.8182,3041.54,18.12402,13740.2782
2622,Zullwil,SO,2026,646,176.502732,3.66,5.77,5245.4545,463.92,8.844229,4781.5345
2701,Basel,BS,2026,173232,7263.396226,23.85,545.65,496045.4545,51562.72,10.394757,444482.7345
2702,Bettingen,BS,2026,1163,521.524664,2.23,6.41,5827.2727,1199.25,20.579953,4628.0227
2703,Riehen,BS,2026,21449,1973.229071,10.87,81.81,74372.7273,9657.05,12.984666,64715.6773
2761,Aesch (BL),BL,2026,10356,1399.459459,7.4,60.75,55227.2727,7475.64,13.536138,47751.6327
2762,Allschwil,BL,2026,21090,2372.328459,8.89,91.77,83427.2727,11532.29,13.823166,71894.9827
2763,Arlesheim,BL,2026,9158,1321.500722,6.93,52.19,47445.4545,5311.84,11.195677,42133.6145
2764,Biel-Benken,BL,2026,3476,843.68932,4.12,26.44,24036.3636,5717.38,23.786377,18318.9836
2765,Binningen,BL,2026,15793,3541.03139,4.46,58.19,52900.0,6384.94,12.06983,46515.06
2766,Birsfelden,BL,2026,10432,4139.68254,2.52,50.45,45863.6364,6939.53,15.130789,38924.1064
2767,Bottmingen,BL,2026,6783,2268.561873,2.99,30.59,27809.0909,3347.46,12.037287,24461.6309
2768,Ettingen,BL,2026,5354,847.151899,6.32,27.43,24936.3636,4127.55,16.552333,20808.8136
2769,Münchenstein,BL,2026,12104,1683.449235,7.19,84.47,76790.9091,10738.13,13.983595,66052.7791
2770,Muttenz,BL,2026,17910,1075.030012,16.66,114.67,104245.4545,12652.19,12.136922,91593.2645
2771,Oberwil (BL),BL,2026,11221,1422.179975,7.89,62.13,56481.8182,7640.0,13.526477,48841.8182
2772,Pfeffingen,BL,2026,2369,484.458078,4.89,13.23,12027.2727,2102.33,17.47969,9924.9427
2773,Reinach (BL),BL,2026,19181,2751.936872,6.97,92.26,83872.7273,11698.5,13.947919,72174.2273
2774,Schönenbuch,BL,2026,1409,1043.703704,1.35,10.5,9545.4545,2122.1,22.231524,7423.3545
2775,Therwil,BL,2026,9918,1294.778068,7.66,50.3,45727.2727,6411.1,14.020298,39316.1727
2781,Blauen,BL,2026,699,98.174157,7.12,6.53,5936.3636,802.31,13.515176,5134.0536
2782,Brislach,BL,2026,1656,175.796178,9.42,16.11,14645.4545,1411.4,9.63712,13234.0545
2783,Burg im Leimental,BL,2026,276,97.183099,2.84,1.38,1254.5455,183.78,14.64913,1070.7655
2784,Dittingen,BL,2026,708,104.888889,6.75,5.86,5327.2727,773.35,14.516809,4553.9227
2785,Duggingen,BL,2026,1547,263.993174,5.86,11.43,10390.9091,2260.39,21.753535,8130.5191
2786,Grellingen,BL,2026,1871,568.693009,3.29,11.45,10409.0909,1074.98,10.327319,9334.1109
2787,Laufen,BL,2026,5643,495.0,11.4,44.56,40509.0909,10002.41,24.691766,30506.6809
2788,Liesberg,BL,2026,1102,88.443018,12.46,17.18,15618.1818,2902.63,18.584942,12715.5518
2789,Nenzlingen,BL,2026,455,124.31694,3.66,4.37,3972.7273,530.98,13.365629,3441.7473
2790,Roggenburg,BL,2026,279,41.891892,6.66,4.72,4290.9091,248.31,5.786886,4042.5991
2791,Röschenz,BL,2026,1897,188.381331,10.07,14.07,12790.9091,1849.43,14.458941,10941.4791
2792,Wahlen,BL,2026,1466,270.979667,5.41,10.71,9736.3636,122.45,1.257656,9613.9136
2793,Zwingen,BL,2026,2453,532.104122,4.61,23.82,21654.5455,3787.91,17.492448,17866.6355
2821,Arisdorf,BL,2026,1653,165.3,10.0,15.61,14190.9091,1298.68,9.151493,12892.2291
2822,Augst,BL,2026,1042,631.515152,1.65,8.63,7845.4545,1177.52,15.008946,6667.9345
2823,Bubendorf,BL,2026,4402,407.592593,10.8,35.69,32445.4545,5377.39,16.573631,27068.0645
2824,Frenkendorf,BL,2026,6454,1406.100218,4.59,32.99,29990.9091,4502.12,15.011616,25488.7891
2825,Füllinsdorf,BL,2026,4588,993.073593,4.62,36.33,33027.2727,4084.15,12.365992,28943.1227
2826,Giebenach,BL,2026,1051,784.328358,1.34,5.83,5300.0,993.87,18.752264,4306.13
2827,Hersberg,BL,2026,330,198.795181,1.66,2.46,2236.3636,493.65,22.07378,1742.7136
2828,Lausen,BL,2026,5320,955.116697,5.57,28.36,25781.8182,4745.52,18.40646,21036.2982
2829,Liestal,BL,2026,14391,791.584158,18.18,92.54,84127.2727,11206.51,13.3209,72920.7627
2830,Lupsingen,BL,2026,1450,466.237942,3.11,9.01,8190.9091,2263.84,27.638446,5927.0691
2831,Pratteln,BL,2026,16650,1556.074766,10.7,123.19,111990.9091,14774.32,13.192428,97216.5891
2832,Ramlinsburg,BL,2026,708,314.666667,2.25,5.5,5000.0,864.58,17.2916,4135.42
2833,Seltisberg,BL,2026,1290,362.359551,3.56,9.55,8681.8182,1574.81,18.139173,7107.0082
2834,Ziefen,BL,2026,1561,199.616368,7.82,14.79,13445.4545,2253.02,16.756741,11192.4345
2841,Anwil,BL,2026,553,140.0,3.95,6.57,5972.7273,647.69,10.844125,5325.0373
2842,Böckten,BL,2026,825,361.842105,2.28,8.07,7336.3636,1219.37,16.620905,6116.9936
2843,Buckten,BL,2026,689,344.5,2.0,6.98,6345.4545,697.33,10.989441,5648.1245
2844,Buus,BL,2026,1069,120.79096,8.85,11.12,10109.0909,1264.92,12.512698,8844.1709
2845,Diepflingen,BL,2026,777,539.583333,1.44,4.56,4145.4545,1040.21,25.092785,3105.2445
2846,Gelterkinden,BL,2026,6268,640.899795,9.78,41.64,37854.5455,5819.96,15.374534,32034.5855
2847,Häfelfingen,BL,2026,243,61.209068,3.97,3.67,3336.3636,200.57,6.011635,3135.7936
2848,Hemmiken,BL,2026,255,75.221239,3.39,4.43,4027.2727,225.58,5.601309,3801.6927
2849,Itingen,BL,2026,2159,689.776358,3.13,15.92,14472.7273,4937.97,34.119139,9534.7573
2850,Känerkinden,BL,2026,533,360.135135,1.48,4.75,4318.1818,751.23,17.396905,3566.9518
2851,Kilchberg (BL),BL,2026,161,101.257862,1.59,2.14,1945.4545,221.04,11.361869,1724.4145
2852,Läufelfingen,BL,2026,1288,157.843137,8.16,15.27,13881.8182,1349.8,9.72351,12532.0182
2853,Maisprach,BL,2026,930,183.070866,5.08,9.37,8518.1818,721.43,8.469296,7796.7518
2854,Nusshof,BL,2026,262,152.325581,1.72,2.43,2209.0909,304.48,13.783045,1904.6109
2855,Oltingen,BL,2026,498,69.359331,7.18,6.4,5818.1818,759.49,13.053734,5058.6918
2856,Ormalingen,BL,2026,2261,326.262626,6.93,20.86,18963.6364,3713.79,19.583744,15249.8464
2857,Rickenbach (BL),BL,2026,585,201.724138,2.9,5.85,5318.1818,682.25,12.828632,4635.9318
2858,Rothenfluh,BL,2026,764,69.771689,10.95,7.66,6963.6364,641.32,9.209556,6322.3164
2859,Rümlingen,BL,2026,430,188.596491,2.28,4.59,4172.7273,266.28,6.381438,3906.4473
2860,Rünenberg,BL,2026,746,150.100604,4.97,7.66,6963.6364,1031.44,14.811802,5932.1964
2861,Sissach,BL,2026,6686,751.235955,8.9,50.09,45536.3636,7309.85,16.052775,38226.5136
2862,Tecknau,BL,2026,839,358.547009,2.34,4.78,4345.4545,545.29,12.548515,3800.1645
2863,Tenniken,BL,2026,915,195.931477,4.67,7.85,7136.3636,1717.53,24.067299,5418.8336
2864,Thürnen,BL,2026,1358,600.884956,2.26,7.77,7063.6364,1166.16,16.509344,5897.4764
2865,Wenslingen,BL,2026,706,119.256757,5.92,8.47,7700.0,827.12,10.741818,6872.88
2866,Wintersingen,BL,2026,607,87.338129,6.95,6.56,5963.6364,306.31,5.136296,5657.3264
2867,Wittinsburg,BL,2026,439,137.1875,3.2,5.09,4627.2727,545.21,11.782534,4082.0627
2868,Zeglingen,BL,2026,493,62.326169,7.91,7.62,6927.2727,1347.24,19.448346,5580.0327
2869,Zunzgen,BL,2026,2612,380.758017,6.86,17.03,15481.8182,2086.56,13.477487,13395.2582
2881,Arboldswil,BL,2026,580,167.146974,3.47,5.18,4709.0909,636.18,13.509614,4072.9109
2882,Bennwil,BL,2026,667,102.143951,6.53,7.8,7090.9091,1170.99,16.513962,5919.9191
2883,Bretzwil,BL,2026,753,102.728513,7.33,8.2,7454.5455,914.79,12.271573,6539.7555
2884,Diegten,BL,2026,1624,168.46473,9.64,16.16,14690.9091,2753.53,18.743088,11937.3791
2885,Eptingen,BL,2026,535,47.853309,11.18,8.52,7745.4545,423.33,5.465528,7322.1245
2886,Hölstein,BL,2026,2556,423.880597,6.03,16.8,15272.7273,2126.58,13.924036,13146.1473
2887,Lampenberg,BL,2026,508,126.683292,4.01,5.06,4600.0,538.09,11.697609,4061.91
2888,Langenbruck,BL,2026,957,61.111111,15.66,10.59,9627.2727,755.92,7.85186,8871.3527
2889,Lauwil,BL,2026,315,43.150685,7.3,3.57,3245.4545,431.89,13.307535,2813.5645
2890,Liedertswil,BL,2026,167,85.641026,1.95,1.73,1572.7273,89.13,5.667225,1483.5973
2891,Niederdorf,BL,2026,1846,419.545455,4.4,14.35,13045.4545,2700.94,20.70407,10344.5145
2892,Oberdorf (BL),BL,2026,2403,386.956522,6.21,16.12,14654.5455,2020.32,13.786303,12634.2255
2893,Reigoldswil,BL,2026,1588,171.675676,9.25,12.77,11609.0909,1098.77,9.464738,10510.3209
2894,Titterten,BL,2026,419,112.938005,3.71,4.79,4354.5455,458.96,10.539791,3895.5855
2895,Waldenburg,BL,2026,1103,132.572115,8.32,6.16,5600.0,921.62,16.4575,4678.38
2901,Gächlingen,SH,2026,876,122.86115,7.13,13.34,12127.2727,1724.74,14.221994,10402.5327
2903,Löhningen,SH,2026,1474,215.812591,6.83,15.3,13909.0909,2127.17,15.293379,11781.9209
2904,Neunkirch,SH,2026,2326,129.799107,17.92,26.58,24163.6364,2381.57,9.856008,21782.0664
2914,Büttenhardt,SH,2026,423,105.75,4.0,4.91,4463.6364,430.56,9.645947,4033.0764
2915,Dörflingen,SH,2026,1031,177.147766,5.82,11.36,10327.2727,1051.96,10.186232,9275.3127
2917,Lohn (SH),SH,2026,743,152.566735,4.87,8.26,7509.0909,803.71,10.70316,6705.3809
2919,Stetten (SH),SH,2026,1374,291.101695,4.72,10.18,9254.5455,978.31,10.57113,8276.2355
2920,Thayngen,SH,2026,5547,278.463855,19.92,63.46,57690.9091,3598.51,6.237569,54092.3991
2931,Bargen (SH),SH,2026,312,37.726723,8.27,4.06,3690.9091,634.36,17.187094,3056.5491
2932,Beringen,SH,2026,4925,263.650964,18.68,49.85,45318.1818,8057.03,17.778802,37261.1518
2933,Buchberg,SH,2026,854,145.733788,5.86,9.29,8445.4545,1474.74,17.461938,6970.7145
2936,Merishausen,SH,2026,856,48.719408,17.57,9.32,8472.7273,1090.41,12.869646,7382.3173
2937,Neuhausen am Rheinfall,SH,2026,10467,1308.375,8.0,51.89,47172.7273,5739.85,12.16773,41432.8773
2938,Rüdlingen,SH,2026,781,141.485507,5.52,8.68,7890.9091,808.46,10.245461,7082.4491
2939,Schaffhausen,SH,2026,36604,874.856597,41.84,219.1,199181.8182,23108.73,11.601827,176073.0882
2951,Beggingen,SH,2026,463,36.804452,12.58,10.9,9909.0909,410.94,4.147101,9498.1509
2952,Schleitheim,SH,2026,1653,76.421637,21.63,30.39,27627.2727,4019.11,14.547618,23608.1627
2953,Siblingen,SH,2026,880,93.418259,9.42,12.43,11300.0,1195.32,10.578053,10104.68
2961,Buch (SH),SH,2026,332,87.368421,3.8,5.85,5318.1818,722.42,13.583966,4595.7618
2962,Hemishofen,SH,2026,474,60.0,7.9,6.83,6209.0909,1407.64,22.67063,4801.4509
2963,Ramsen,SH,2026,1465,108.598962,13.49,25.7,23363.6364,2018.59,8.639879,21345.0464
2964,Stein am Rhein,SH,2026,3505,606.401384,5.78,28.62,26018.1818,3251.53,12.497145,22766.6518
2971,Hallau,SH,2026,2207,144.060052,15.32,30.86,28054.5455,5394.1,19.227187,22660.4455
2972,Oberhallau,SH,2026,438,72.396694,6.05,8.86,8054.5455,746.19,9.26421,7308.3555
2973,Trasadingen,SH,2026,598,144.444444,4.14,9.89,8990.9091,1668.08,18.552963,7322.8291
2974,Wilchingen,SH,2026,1740,82.464455,21.1,29.04,26400.0,3811.22,14.436439,22588.78
3001,Herisau,AR,2026,15763,625.515873,25.2,91.48,83163.6364,14905.25,17.922797,68258.3864
3002,Hundwil,AR,2026,967,40.157807,24.08,14.17,12881.8182,1208.89,9.384467,11672.9282
3003,Schönengrund,AR,2026,528,101.734104,5.19,5.36,4872.7273,2184.95,44.840392,2687.7773
3004,Schwellbrunn,AR,2026,1541,88.461538,17.42,18.27,16609.0909,3987.41,24.007395,12621.6809
3005,Stein (AR),AR,2026,1387,148.183761,9.36,15.74,14309.0909,2565.26,17.927484,11743.8309
3006,Urnäsch,AR,2026,2272,47.17608,48.16,27.85,25318.1818,5194.71,20.517706,20123.4718
3007,Waldstatt,AR,2026,1817,269.185185,6.75,16.73,15209.0909,3745.76,24.628428,11463.3309
3021,Bühler,AR,2026,1852,330.714286,5.6,15.55,14136.3636,3877.85,27.431736,10258.5136
3022,Gais,AR,2026,3066,144.554455,21.21,28.44,25854.5455,5964.58,23.069754,19889.9655
3023,Speicher,AR,2026,4408,538.875306,8.18,26.82,24381.8182,4097.16,16.804161,20284.6582
3024,Teufen (AR),AR,2026,6362,417.180328,15.25,41.23,37481.8182,6627.47,17.681826,30854.3482
3025,Trogen,AR,2026,1752,174.675972,10.03,14.54,13218.1818,2943.89,22.27152,10274.2918
3031,Grub (AR),AR,2026,1013,240.617577,4.21,7.97,7245.4545,1665.49,22.986688,5579.9645
3032,Heiden,AR,2026,4203,561.898396,7.48,30.83,28027.2727,5638.55,20.118083,22388.7227
3033,Lutzenberg,AR,2026,1299,577.333333,2.25,8.06,7327.2727,1291.86,17.630844,6035.4127
3034,Rehetobel,AR,2026,1756,261.309524,6.72,14.5,13181.8182,2578.08,19.557848,10603.7382
3035,Reute (AR),AR,2026,704,141.082164,4.99,6.47,5881.8182,484.19,8.231978,5397.6282
3036,Wald (AR),AR,2026,872,127.672035,6.83,9.13,8300.0,1824.12,21.977349,6475.88
3037,Walzenhausen,AR,2026,2012,287.428571,7.0,17.02,15472.7273,2922.54,18.888331,12550.1873
3038,Wolfhalden,AR,2026,1871,269.98557,6.93,17.84,16218.1818,3910.97,24.114725,12307.2118
3101,Appenzell,AI,2026,5778,342.298578,16.88,51.42,46745.4545,14911.12,31.898545,31834.3345
3102,Gonten,AI,2026,1445,58.431055,24.73,19.37,17609.0909,2226.66,12.644946,15382.4309
3104,Schlatt-Haslen,AI,2026,1140,63.580591,17.93,16.7,15181.8182,0.0,0.0,15181.8182
3111,Oberegg,AI,2026,1889,129.295003,14.61,19.94,18127.2727,3613.31,19.933004,14513.9627
3112,Schwende-Rüte,AI,2026,,,,54.58,49618.1818,0.0,0.0,49618.1818
3201,Häggenschwil,SG,2026,1390,153.252481,9.07,20.19,18354.5455,1932.75,10.530089,16421.7955
3202,Muolen,SG,2026,1220,118.102614,10.33,22.13,20118.1818,2822.91,14.031636,17295.2718
3203,St. Gallen,SG,2026,76090,1932.199086,39.38,322.79,293445.4545,55956.24,19.068702,237489.2145
3204,Wittenbach,SG,2026,9706,795.573771,12.2,53.9,49000.0,9906.03,20.216388,39093.97
3211,Berg (SG),SG,2026,851,226.329787,3.76,8.97,8154.5455,2275.64,27.906399,5878.9055
3212,Eggersriet,SG,2026,2339,262.808989,8.9,17.28,15709.0909,2056.09,13.088536,13653.0009
3213,Goldach,SG,2026,9504,2017.834395,4.71,54.06,49145.4545,13614.54,27.702542,35530.9145
3214,Mörschwil,SG,2026,3658,371.747968,9.84,30.91,28100.0,6886.66,24.507687,21213.34
3215,Rorschach,SG,2026,9438,5302.247191,1.78,33.75,30681.8182,2830.04,9.223834,27851.7782
3216,Rorschacherberg,SG,2026,7382,1041.184767,7.09,28.67,26063.6364,5042.89,19.348375,21020.7464
3217,Steinach,SG,2026,3608,803.563474,4.49,31.52,28654.5455,10097.12,35.237411,18557.4255
3218,Tübach,SG,2026,1438,722.613065,1.99,15.86,14418.1818,4130.72,28.649382,10287.4618
3219,Untereggen,SG,2026,1046,146.498599,7.14,8.87,8063.6364,1173.42,14.551995,6890.2164
3231,Au (SG),SG,2026,7809,1679.354839,4.65,59.61,54190.9091,6593.46,12.167096,47597.4491
3232,Balgach,SG,2026,4891,750.153374,6.52,42.2,38363.6364,7054.81,18.389315,31308.8264
3233,Berneck,SG,2026,3936,700.355872,5.62,35.18,31981.8182,5433.8,16.990279,26548.0182
3234,Diepoldsau,SG,2026,6465,574.666667,11.25,62.99,57263.6364,9915.71,17.315893,47347.9264
3235,Rheineck,SG,2026,3398,1544.545455,2.2,24.5,22272.7273,4204.06,18.875371,18068.6673
3236,St. Margrethen,SG,2026,5960,867.540029,6.87,54.1,49181.8182,8290.32,16.856473,40891.4982
3237,Thal,SG,2026,6565,680.310881,9.65,71.61,65100.0,5805.74,8.918187,59294.26
3238,Widnau,SG,2026,9756,2311.848341,4.22,75.78,68890.9091,11229.88,16.300961,57661.0291
3251,Altstätten,SG,2026,11877,300.988343,39.46,126.98,115436.3636,21307.48,18.458204,94128.8836
3252,Eichberg,SG,2026,1520,279.411765,5.44,13.33,12118.1818,1572.5,12.976369,10545.6818
3253,Marbach (SG),SG,2026,2110,481.73516,4.38,22.37,20336.3636,4022.19,19.778315,16314.1736
3254,Oberriet (SG),SG,2026,8979,259.50867,34.6,123.72,112472.7273,24692.82,21.954496,87779.9073
3255,Rebstein,SG,2026,4533,1032.574032,4.39,33.25,30227.2727,5560.63,18.396069,24666.6427
3256,Rüthi (SG),SG,2026,2412,258.5209,9.33,30.09,27354.5455,1510.99,5.523725,25843.5555
3271,Buchs (SG),SG,2026,12861,806.332288,15.95,88.09,80081.8182,14775.38,18.450355,65306.4382
3272,Gams,SG,2026,3550,159.407274,22.27,37.22,33836.3636,7837.68,23.163482,25998.6836
3273,Grabs,SG,2026,7147,130.777676,54.65,62.95,57227.2727,7511.21,13.125228,49716.0627
3274,Sennwald,SG,2026,5665,136.308951,41.56,90.28,82072.7273,9377.97,11.426414,72694.7573
3275,Sevelen,SG,2026,5112,168.545994,30.33,47.02,42745.4545,7489.62,17.521442,35255.8345
3276,Wartau,SG,2026,5295,126.826347,41.75,50.28,45709.0909,30.79,0.067361,45678.3009
3291,Bad Ragaz,SG,2026,6264,246.614173,25.4,44.09,40081.8182,4645.84,11.590891,35435.9782
3292,Flums,SG,2026,4889,65.056554,75.15,51.7,47000.0,5056.69,10.758915,41943.31
3293,Mels,SG,2026,8561,61.541226,139.11,67.71,61554.5455,5764.34,9.364605,55790.2055
3294,Pfäfers,SG,2026,1556,12.11272,128.46,18.68,16981.8182,618.28,3.640835,16363.5382
3295,Quarten,SG,2026,2949,47.741622,61.77,23.16,21054.5455,743.91,3.533251,20310.6355
3296,Sargans,SG,2026,6200,655.391121,9.46,40.8,37090.9091,7609.5,20.515809,29481.4091
3297,Vilters-Wangs,SG,2026,4884,149.266504,32.72,38.46,34963.6364,4538.58,12.980858,30425.0564
3298,Walenstadt,SG,2026,5705,124.781277,45.72,47.03,42754.5455,5309.92,12.419545,37444.6255
3311,Amden,SG,2026,1823,42.355948,43.04,25.82,23472.7273,2171.01,9.249074,21301.7173
3312,Benken (SG),SG,2026,2982,180.727273,16.5,34.58,31436.3636,6747.76,21.464824,24688.6036
3313,Kaltbrunn,SG,2026,4924,264.16309,18.64,40.7,37000.0,6081.59,16.43673,30918.41
3315,Schänis,SG,2026,3876,97.142857,39.9,36.76,33418.1818,4546.66,13.605348,28871.5218
3316,Weesen,SG,2026,1717,317.962963,5.4,11.72,10654.5455,2581.96,24.233413,8072.5855
3338,Schmerikon,SG,2026,3766,907.46988,4.15,29.75,27045.4545,3549.19,13.123055,23496.2645
3339,Uznach,SG,2026,6489,860.61008,7.54,46.41,42190.9091,9730.54,23.06312,32460.3691
3340,Rapperswil-Jona,SG,2026,27277,1225.381851,22.26,146.48,133163.6364,14584.75,10.952502,118578.8864
3341,Gommiswald,SG,2026,5218,155.343852,33.59,51.19,46536.3636,1674.3,3.597832,44862.0636
3342,Eschenbach (SG),SG,2026,9584,174.603753,54.89,96.56,87781.8182,5753.73,6.554581,82028.0882
3352,Ebnat-Kappel,SG,2026,5001,114.833525,43.55,47.97,43609.0909,7143.26,16.380208,36465.8309
3359,Wildhaus-Alt St. Johann,SG,2026,2606,29.772649,87.53,58.54,53218.1818,31.21,0.058645,53186.9718
3360,Nesslau,SG,2026,3545,38.24164,92.7,57.12,51927.2727,2519.01,4.851035,49408.2627
3374,Lichtensteig,SG,2026,1896,672.340426,2.82,10.63,9663.6364,2422.41,25.067272,7241.2264
3379,Wattwil,SG,2026,8761,171.180149,51.18,72.65,66045.4545,9974.47,15.102432,56070.9845
3392,Kirchberg (SG),SG,2026,9100,213.916314,42.54,91.81,83463.6364,12238.33,14.663068,71225.3064
3393,Lütisburg,SG,2026,1606,113.900709,14.1,19.49,17718.1818,2073.25,11.701257,15644.9318
3394,Mosnang,SG,2026,2847,56.365076,50.51,38.0,34545.4545,2974.52,8.610453,31570.9345
3395,Bütschwil-Ganterschwil,SG,2026,4987,228.447091,21.83,54.58,49618.1818,4263.17,8.591951,45355.0118
3396,Neckertal,SG,2026,,,,82.87,75336.3636,0.0,0.0,75336.3636
3401,Degersheim,SG,2026,4121,284.599447,14.48,34.42,31290.9091,4145.02,13.246723,27145.8891
3402,Flawil,SG,2026,10425,908.892764,11.47,64.21,58372.7273,12962.15,22.205832,45410.5773
3405,Jonschwil,SG,2026,3834,348.862602,10.99,49.26,44781.8182,3749.51,8.37284,41032.3082
3407,Oberuzwil,SG,2026,6403,454.758523,14.08,44.24,40218.1818,3672.55,9.131566,36545.6318
3408,Uzwil,SG,2026,13129,906.073154,14.49,93.88,85345.4545,10033.0,11.755752,75312.4545
3422,Niederbüren,SG,2026,1505,95.012626,15.84,26.19,23809.0909,5185.47,21.77937,18623.6209
3423,Niederhelfenschwil,SG,2026,3136,191.569945,16.37,38.24,34763.6364,4596.69,13.222696,30166.9464
3424,Oberbüren,SG,2026,4542,256.175973,17.73,57.35,52136.3636,5923.06,11.360708,46213.3036
3426,Zuzwil (SG),SG,2026,4792,534.225195,8.97,49.37,44881.8182,7351.68,16.380085,37530.1382
3427,Wil (SG),SG,2026,24159,1160.37464,20.82,157.09,142809.0909,23788.86,16.657805,119020.2309
3441,Andwil (SG),SG,2026,1999,316.798732,6.31,19.59,17809.0909,5319.23,29.86806,12489.8609
3442,Gaiserwald,SG,2026,8327,659.303246,12.63,52.19,47445.4545,6914.93,14.574484,40530.5245
3443,Gossau (SG),SG,2026,18108,658.23337,27.51,147.46,134054.5455,24905.61,18.578714,109148.9355
3444,Waldkirch,SG,2026,3533,112.731334,31.34,52.77,47972.7273,8544.54,17.811245,39428.1873
3506,Vaz/Obervaz,GR,2026,2786,65.537521,42.51,61.96,56327.2727,595.65,1.057481,55731.6227
3513,Lantsch/Lenz,GR,2026,539,24.713434,21.81,11.42,10381.8182,315.8,3.041856,10066.0182
3514,Schmitten (GR),GR,2026,221,19.471366,11.35,4.61,4190.9091,40.84,0.97449,4150.0691
3542,Albula/Alvra,GR,2026,1283,13.659108,93.93,28.59,25990.9091,0.0,0.0,25990.9091
3543,Surses,GR,2026,2327,7.187201,323.77,58.22,52927.2727,32.65,0.061688,52894.6227
3544,Bergün Filisur,GR,2026,898,4.722836,190.14,18.68,16981.8182,0.0,0.0,16981.8182
3551,Brusio,GR,2026,1120,24.190065,46.3,13.69,12445.4545,121.64,0.977385,12323.8145
3561,Poschiavo,GR,2026,3493,18.287001,191.01,48.43,44027.2727,1636.36,3.716696,42390.9127
3572,Falera,GR,2026,620,27.728086,22.36,18.79,17081.8182,812.73,4.757866,16269.0882
3575,Laax,GR,2026,1885,59.44497,31.71,32.9,29909.0909,1890.8,6.321824,28018.2909
3581,Sagogn,GR,2026,728,105.202312,6.92,9.4,8545.4545,738.9,8.646702,7806.5545
3582,Schluein,GR,2026,612,127.76618,4.79,10.39,9445.4545,1409.29,14.920298,8036.1645
3603,Vals,GR,2026,979,5.576441,175.56,18.69,16990.9091,408.56,2.40458,16582.3491
3618,Lumnezia,GR,2026,2019,12.20087,165.48,58.24,52945.4545,29.45,0.055623,52916.0045
3619,Ilanz/Glion,GR,2026,4757,35.638298,133.48,74.64,67854.5455,0.0,0.0,67854.5455
3633,Fürstenau,GR,2026,357,270.454545,1.32,3.36,3054.5455,88.81,2.90747,2965.7355
3637,Rothenbrunnen,GR,2026,304,97.749196,3.11,3.45,3136.3636,534.37,17.037884,2601.9936
3638,Scharans,GR,2026,790,55.283415,14.29,9.57,8700.0,837.17,9.622644,7862.83
3640,Sils im Domleschg,GR,2026,960,103.448276,9.28,9.05,8227.2727,162.91,1.980122,8064.3627
3661,Cazis,GR,2026,2264,72.610648,31.18,34.92,31745.4545,3599.0,11.337056,28146.4545
3662,Flerden,GR,2026,247,40.558292,6.09,4.87,4427.2727,279.54,6.314045,4147.7327
3663,Masein,GR,2026,498,118.571429,4.2,4.97,4518.1818,662.44,14.66165,3855.7418
3668,Thusis,GR,2026,3278,195.468098,16.77,26.8,24363.6364,1294.0,5.311194,23069.6364
3669,Tschappina,GR,2026,133,5.391163,24.67,7.61,6918.1818,657.69,9.506689,6260.4918
3670,Urmein,GR,2026,147,33.949192,4.33,5.11,4645.4545,377.98,8.136556,4267.4745
3672,Safiental,GR,2026,903,5.963545,151.42,27.68,25163.6364,5.28,0.020983,25158.3564
3673,Domleschg,GR,2026,2113,45.994776,45.94,28.13,25572.7273,0.0,0.0,25572.7273
3681,Avers,GR,2026,171,1.83634,93.12,7.63,6936.3636,146.62,2.113788,6789.7436
3695,Sufers,GR,2026,145,4.18833,34.62,3.4,3090.9091,217.78,7.045824,2873.1291
3701,Andeer,GR,2026,906,19.568035,46.3,11.14,10127.2727,414.73,4.09518,9712.5427
3711,Rongellen,GR,2026,53,26.237624,2.02,0.5,454.5455,52.93,11.6446,401.6155
3712,Zillis-Reischen,GR,2026,396,16.183081,24.47,5.47,4972.7273,0.0,0.0,4972.7273
3713,Ferrera,GR,2026,80,1.060164,75.46,2.79,2536.3636,0.0,0.0,2536.3636
3714,Rheinwald,GR,2026,581,4.246455,136.82,20.23,18390.9091,0.0,0.0,18390.9091
3715,Muntogna da Schons,GR,2026,360,6.717671,53.59,10.96,9963.6364,0.0,0.0,9963.6364
3721,Bonaduz,GR,2026,3467,240.763889,14.4,21.84,19854.5455,3658.41,18.426058,16196.1355
3722,Domat/Ems,GR,2026,8132,335.755574,24.22,58.69,53354.5455,8293.65,15.544411,45060.8955
3723,Rhäzüns,GR,2026,1557,116.454749,13.37,11.55,10500.0,2727.22,25.973524,7772.78
3731,Felsberg,GR,2026,2589,193.208955,13.4,14.65,13318.1818,4573.39,34.339447,8744.7918
3732,Flims,GR,2026,2912,57.663366,50.5,48.08,43709.0909,105.62,0.241643,43603.4709
3733,Tamins,GR,2026,1222,29.995091,40.74,10.01,9100.0,1317.51,14.478132,7782.49
3734,Trin,GR,2026,1414,29.97668,47.17,15.49,14081.8182,978.06,6.945552,13103.7582
3746,Zernez,GR,2026,1523,4.426811,344.04,22.86,20781.8182,723.26,3.480254,20058.5582
3752,Samnaun,GR,2026,772,13.717129,56.28,13.53,12300.0,0.0,0.0,12300.0
3762,Scuol,GR,2026,4624,10.541915,438.63,72.04,65490.9091,1100.77,1.680798,64390.1391
3764,Valsot,GR,2026,841,5.290639,158.96,17.24,15672.7273,0.0,0.0,15672.7273
3781,Bever,GR,2026,607,13.26776,45.75,9.26,8418.1818,298.24,3.542808,8119.9418
3782,Celerina/Schlarigna,GR,2026,1502,62.531224,24.02,24.3,22090.9091,122.57,0.554844,21968.3391
3783,Madulain,GR,2026,207,12.714988,16.28,4.84,4400.0,52.2,1.186364,4347.8
3784,Pontresina,GR,2026,2147,18.164129,118.2,25.09,22809.0909,1138.91,4.993228,21670.1809
3785,La Punt Chamues-ch,GR,2026,679,10.730089,63.28,12.98,11800.0,498.36,4.22339,11301.64
3786,Samedan,GR,2026,2913,25.59754,113.8,35.28,32072.7273,1160.22,3.617466,30912.5073
3787,St. Moritz,GR,2026,4882,170.16382,28.69,59.35,53954.5455,1010.31,1.872521,52944.2355
3788,S-chanf,GR,2026,681,4.933353,138.04,14.11,12827.2727,1704.77,13.290198,11122.5027
3789,Sils im Engadin/Segl,GR,2026,702,11.041208,63.58,15.99,14536.3636,0.0,0.0,14536.3636
3790,Silvaplana,GR,2026,1132,25.284789,44.77,20.05,18227.2727,119.62,0.656269,18107.6527
3791,Zuoz,GR,2026,1177,17.890257,65.79,19.37,17609.0909,451.59,2.564528,17157.5009
3792,Bregaglia,GR,2026,1555,6.184132,251.45,33.64,30581.8182,409.6,1.339358,30172.2182
3804,Buseno,GR,2026,89,7.982063,11.15,2.38,2163.6364,27.52,1.271933,2136.1164
3805,Castaneda,GR,2026,274,69.191919,3.96,3.35,3045.4545,320.89,10.536687,2724.5645
3808,Rossa,GR,2026,151,2.564103,58.89,3.22,2927.2727,56.27,1.922267,2871.0027
3810,Santa Maria in Calanca,GR,2026,109,11.707841,9.31,3.75,3409.0909,4.94,0.144907,3404.1509
3821,Lostallo,GR,2026,805,15.827762,50.86,6.54,5945.4545,1159.6,19.503976,4785.8545
3822,Mesocco,GR,2026,1344,8.156825,164.77,22.14,20127.2727,955.44,4.746992,19171.8327
3823,Soazza,GR,2026,319,6.872038,46.42,3.34,3036.3636,175.17,5.769072,2861.1936
3831,Cama,GR,2026,552,36.8,15.0,4.31,3918.1818,513.41,13.103271,3404.7718
3832,Grono,GR,2026,1406,37.866954,37.13,14.57,13245.4545,1359.56,10.264351,11885.8945
3834,Roveredo (GR),GR,2026,2581,66.537767,38.79,19.11,17372.7273,1710.26,9.844511,15662.4673
3835,San Vittore,GR,2026,841,38.1233,22.06,15.57,14154.5455,279.2,1.972511,13875.3455
3837,Calanca,GR,2026,200,5.302227,37.72,5.49,4990.9091,0.0,0.0,4990.9091
3847,Val Müstair,GR,2026,1437,7.234193,198.64,33.95,30863.6364,0.0,0.0,30863.6364
3851,Davos,GR,2026,10862,38.246479,284.0,127.42,115836.3636,134.09,0.115758,115702.2736
3861,Fideris,GR,2026,595,23.462145,25.36,14.42,13109.0909,828.02,6.31638,12281.0709
3862,Furna,GR,2026,202,6.062425,33.32,8.96,8145.4545,399.53,4.904944,7745.9245
3863,Jenaz,GR,2026,1151,44.423003,25.91,15.66,14236.3636,588.9,4.13659,13647.4636
3871,Klosters,GR,2026,4431,20.159236,219.8,72.77,66154.5455,1425.88,2.155377,64728.6655
3881,Conters im Prättigau,GR,2026,222,12.065217,18.4,5.85,5318.1818,255.63,4.806718,5062.5518
3882,Küblis,GR,2026,844,103.685504,8.14,11.48,10436.3636,1872.64,17.943415,8563.7236
3891,Luzein,GR,2026,1591,18.967573,83.88,38.39,34900.0,317.22,0.90894,34582.78
3901,Chur,GR,2026,37082,683.665192,54.24,178.42,162200.0,23912.19,14.742411,138287.81
3911,Churwalden,GR,2026,1912,39.39831,48.53,35.16,31963.6364,893.19,2.794394,31070.4464
3921,Arosa,GR,2026,3145,20.31785,154.79,70.91,64463.6364,781.71,1.212637,63681.9264
3932,Tschiertschen-Praden,GR,2026,307,11.067051,27.74,8.43,7663.6364,0.0,0.0,7663.6364
3945,Trimmis,GR,2026,3310,77.21017,42.87,26.84,24400.0,4543.61,18.621352,19856.39
3946,Untervaz,GR,2026,2521,90.945166,27.72,26.01,23645.4545,3696.86,15.634548,19948.5945
3947,Zizers,GR,2026,3490,316.984559,11.01,32.33,29390.9091,5001.53,17.017269,24389.3791
3951,Fläsch,GR,2026,835,41.875627,19.94,8.2,7454.5455,640.99,8.598646,6813.5555
3952,Jenins,GR,2026,895,84.914611,10.54,8.52,7745.4545,1033.82,13.347441,6711.6345
3953,Maienfeld,GR,2026,3006,92.978658,32.33,30.98,28163.6364,7579.79,26.913393,20583.8464
3954,Malans,GR,2026,2419,212.192982,11.4,23.08,20981.8182,3042.55,14.500888,17939.2682
3955,Landquart,GR,2026,8926,473.276776,18.86,76.74,69763.6364,17258.82,24.738991,52504.8164
3961,Grüsch,GR,2026,2116,48.86836,43.3,30.63,27845.4545,3010.85,10.812716,24834.6045
3962,Schiers,GR,2026,2705,43.869608,61.66,29.62,26927.2727,1492.19,5.541556,25435.0827
3972,Seewis im Prättigau,GR,2026,1370,27.604272,49.63,22.38,20345.4545,0.0,0.0,20345.4545
3981,Breil/Brigels,GR,2026,1728,17.891903,96.58,47.92,43563.6364,1297.41,2.978195,42266.2264
3982,Disentis/Mustér,GR,2026,2046,22.485987,90.99,33.32,30290.9091,3184.0,10.511405,27106.9091
3983,Medel (Lucmagn),GR,2026,355,2.606078,136.22,9.68,8800.0,0.0,0.0,8800.0
3985,Sumvitg,GR,2026,1121,11.003141,101.88,25.6,23272.7273,395.06,1.697523,22877.6673
3986,Tujetsch,GR,2026,1207,9.013517,133.91,31.55,28681.8182,1030.5,3.592868,27651.3182
3987,Trun,GR,2026,1164,22.427746,51.9,23.69,21536.3636,2055.82,9.545808,19480.5436
3988,Obersaxen Mundaun,GR,2026,1165,16.557703,70.36,38.67,35154.5455,0.0,0.0,35154.5455
4001,Aarau,AG,2026,21773,1764.424635,12.34,125.57,114154.5455,12466.55,10.920765,101687.9955
4002,Biberstein,AG,2026,1598,389.756098,4.1,11.6,10545.4545,1726.91,16.375871,8818.5445
4003,Buchs (AG),AG,2026,7971,1498.308271,5.32,51.14,46490.9091,6599.41,14.195055,39891.4991
4004,Densbüren,AG,2026,721,57.587859,12.52,10.23,9300.0,1304.75,14.02957,7995.25
4005,Erlinsbach (AG),AG,2026,4252,431.237323,9.86,28.54,25945.4545,3275.44,12.624331,22670.0145
4006,Gränichen,AG,2026,7994,463.958212,17.23,54.75,49772.7273,6565.37,13.190698,43207.3573
4007,Hirschthal,AG,2026,1611,456.373938,3.53,16.15,14681.8182,3320.29,22.614978,11361.5282
4008,Küttigen,AG,2026,6268,526.722689,11.9,39.41,35827.2727,4472.11,12.482418,31355.1627
4009,Muhen,AG,2026,3907,555.761024,7.03,32.14,29218.1818,5966.82,20.421599,23251.3618
4010,Oberentfelden,AG,2026,8510,1188.547486,7.16,57.05,51863.6364,6144.43,11.84728,45719.2064
4012,Suhr,AG,2026,10476,986.440678,10.62,65.67,59700.0,6717.83,11.252647,52982.17
4013,Unterentfelden,AG,2026,4249,1475.347222,2.88,34.12,31018.1818,3371.75,10.870237,27646.4318
4021,Baden,AG,2026,19547,1484.20653,13.17,102.94,93581.8182,5342.17,5.708555,88239.6482
4022,Bellikon,AG,2026,1550,313.765182,4.94,13.96,12690.9091,890.97,7.020537,11799.9391
4023,Bergdietikon,AG,2026,2831,476.599327,5.94,23.25,21136.3636,2876.2,13.607828,18260.1636
4024,Birmenstorf (AG),AG,2026,2988,383.076923,7.8,26.07,23700.0,2289.52,9.660422,21410.48
4026,Ennetbaden,AG,2026,3501,1659.241706,2.11,13.77,12518.1818,1484.32,11.857313,11033.8618
4027,Fislisbach,AG,2026,5552,1099.405941,5.05,30.38,27618.1818,3636.97,13.168752,23981.2118
4028,Freienwil,AG,2026,1038,260.150376,3.99,7.95,7227.2727,600.93,8.314755,6626.3427
4029,Gebenstorf,AG,2026,5461,966.548673,5.65,31.5,28636.3636,3507.66,12.248971,25128.7036
4030,Killwangen,AG,2026,2057,846.502058,2.43,12.0,10909.0909,832.6,7.632167,10076.4909
4031,Künten,AG,2026,1795,367.075665,4.89,14.73,13390.9091,1383.86,10.334325,12007.0491
4032,Mägenwil,AG,2026,2123,610.057471,3.48,25.36,23054.5455,4670.93,20.260343,18383.6155
4033,Mellingen,AG,2026,5772,1185.215606,4.87,35.59,32354.5455,3183.0,9.837876,29171.5455
4034,Neuenhof,AG,2026,8950,1663.568773,5.38,27.22,24745.4545,2016.36,8.148406,22729.0945
4035,Niederrohrdorf,AG,2026,4134,1241.441441,3.33,20.5,18636.3636,2504.61,13.439371,16131.7536
4037,Oberrohrdorf,AG,2026,4080,948.837209,4.3,23.58,21436.3636,2735.47,12.760886,18700.8936
4038,Obersiggenthal,AG,2026,8628,1032.057416,8.36,37.99,34536.3636,0.0,0.0,34536.3636
4039,Remetschwil,AG,2026,2019,520.360825,3.88,16.84,15309.0909,2893.79,18.902429,12415.3009
4040,Spreitenbach,AG,2026,12065,1402.906977,8.6,71.74,65218.1818,10766.17,16.507927,54452.0118
4041,Stetten (AG),AG,2026,2201,499.09297,4.41,20.96,19054.5455,3015.44,15.825305,16039.1055
4042,Turgi,AG,2026,3004,1938.064516,1.55,12.39,11263.6364,1182.84,10.501404,10080.7964
4044,Untersiggenthal,AG,2026,7211,870.89372,8.28,40.31,36645.4545,6125.21,16.714788,30520.2445
4045,Wettingen,AG,2026,20934,1974.90566,10.6,87.27,79336.3636,8981.49,11.320773,70354.8736
4046,Wohlenschwil,AG,2026,1603,365.148064,4.39,11.99,10900.0,2013.16,18.469358,8886.84
4047,Würenlingen,AG,2026,4768,508.858058,9.37,49.11,44645.4545,5048.62,11.308251,39596.8345
4048,Würenlos,AG,2026,6494,719.955654,9.02,36.54,33218.1818,5262.87,15.843342,27955.3118
4049,Ehrendingen,AG,2026,4840,663.923182,7.29,26.96,24509.0909,2780.73,11.345708,21728.3609
4061,Arni (AG),AG,2026,1868,554.302671,3.37,12.49,11354.5455,2102.97,18.520953,9251.5755
4062,Berikon,AG,2026,4756,884.01487,5.38,26.92,24472.7273,2321.39,9.48562,22151.3373
4063,Bremgarten (AG),AG,2026,8211,722.799296,11.36,61.37,55790.9091,6262.97,11.225789,49527.9391
4064,Büttikon,AG,2026,975,345.744681,2.82,7.7,7000.0,3289.64,46.994857,3710.36
4065,Dottikon,AG,2026,3891,1002.835052,3.88,28.69,26081.8182,3838.65,14.717724,22243.1682
4066,Eggenwil,AG,2026,1034,420.325203,2.46,8.9,8090.9091,621.86,7.68591,7469.0491
4067,Fischbach-Göslikon,AG,2026,1607,523.452769,3.07,13.35,12136.3636,1829.91,15.07791,10306.4536
4068,Hägglingen,AG,2026,2445,315.483871,7.75,23.44,21309.0909,2989.34,14.028473,18319.7509
4071,Jonen,AG,2026,2183,382.982456,5.7,17.91,16281.8182,2715.17,16.676086,13566.6482
4072,Niederwil (AG),AG,2026,2815,457.723577,6.15,23.32,21200.0,1822.33,8.595896,19377.67
4073,Oberlunkhofen,AG,2026,2035,626.153846,3.25,13.9,12636.3636,3568.46,28.239612,9067.9036
4074,Oberwil-Lieli,AG,2026,2457,459.252336,5.35,22.14,20127.2727,2773.9,13.781798,17353.3727
4075,Rudolfstetten-Friedlisberg,AG,2026,4508,920.0,4.9,23.04,20945.4545,2940.66,14.039609,18004.7945
4076,Sarmenstorf,AG,2026,2929,352.891566,8.3,26.94,24490.9091,3997.6,16.322791,20493.3091
4077,Tägerig,AG,2026,1489,452.583587,3.29,10.99,9990.9091,2489.95,24.922157,7500.9591
4078,Uezwil,AG,2026,488,200.0,2.44,5.01,4554.5455,627.66,13.780958,3926.8855
4079,Unterlunkhofen,AG,2026,1469,327.171492,4.49,11.02,10018.1818,2132.77,21.288993,7885.4118
4080,Villmergen,AG,2026,7472,625.795645,11.94,79.15,71954.5455,14498.5,20.149526,57456.0455
4081,Widen,AG,2026,3779,1442.366412,2.62,24.22,22018.1818,3257.0,14.79232,18761.1818
4082,Wohlen (AG),AG,2026,16613,1331.169872,12.48,106.79,97081.8182,23952.82,24.672818,73128.9982
4083,Zufikon,AG,2026,4503,936.174636,4.81,24.62,22381.8182,3538.64,15.810333,18843.1782
4084,Islisberg,AG,2026,631,380.120482,1.66,4.88,4436.3636,579.49,13.062275,3856.8736
4091,Auenstein,AG,2026,1605,282.570423,5.68,13.8,12545.4545,1643.0,13.096377,10902.4545
4092,Birr,AG,2026,4582,907.326733,5.05,34.81,31645.4545,2257.12,7.132525,29388.3345
4093,Birrhard,AG,2026,757,252.333333,3.0,8.63,7845.4545,1671.91,21.310556,6173.5445
4095,Brugg,AG,2026,12575,1522.397094,8.26,81.51,74100.0,6210.55,8.381309,67889.45
4099,Habsburg,AG,2026,422,189.237668,2.23,3.5,3181.8182,498.11,15.654886,2683.7082
4100,Hausen (AG),AG,2026,3646,1139.375,3.2,18.74,17036.3636,1758.4,10.321451,15277.9636
4104,Lupfig,AG,2026,3141,371.715976,8.45,39.85,36227.2727,4650.06,12.835799,31577.2127
4105,Mandach,AG,2026,334,60.288809,5.54,5.07,4609.0909,226.67,4.91789,4382.4209
4106,Mönthal,AG,2026,394,100.0,3.94,5.17,4700.0,404.88,8.614468,4295.12
4107,Mülligen,AG,2026,1086,343.670886,3.16,8.58,7800.0,1519.72,19.48359,6280.28
4110,Remigen,AG,2026,1225,155.654384,7.87,10.74,9763.6364,925.13,9.475261,8838.5064
4111,Riniken,AG,2026,1459,306.512605,4.76,9.8,8909.0909,834.43,9.366051,8074.6609
4112,Rüfenach,AG,2026,841,201.678657,4.17,12.54,11400.0,979.02,8.587895,10420.98
4117,Thalheim (AG),AG,2026,812,81.854839,9.92,10.87,9881.8182,926.21,9.37287,8955.6082
4120,Veltheim (AG),AG,2026,1518,289.694657,5.24,16.78,15254.5455,1659.36,10.877807,13595.1855
4121,Villigen,AG,2026,2148,191.61463,11.21,26.1,23727.2727,2088.34,8.801433,21638.9327
4122,Villnachern,AG,2026,1653,287.478261,5.75,10.78,9800.0,1079.86,11.01898,8720.14
4123,Windisch,AG,2026,7613,1550.509165,4.91,42.53,38663.6364,5422.49,14.02478,33241.1464
4124,Bözberg,AG,2026,1645,106.129032,15.5,21.43,19481.8182,2675.91,13.735422,16805.9082
4125,Schinznach,AG,2026,2263,184.885621,12.24,30.64,27854.5455,18.83,0.067601,27835.7155
4131,Beinwil am See,AG,2026,3361,877.545692,3.83,27.88,25345.4545,3453.26,13.62477,21892.1945
4132,Birrwil,AG,2026,1149,336.950147,3.41,12.63,11481.8182,1022.58,8.906081,10459.2382
4134,Dürrenäsch,AG,2026,1260,213.197969,5.91,19.13,17390.9091,2295.15,13.197412,15095.7591
4135,Gontenschwil,AG,2026,2169,222.689938,9.74,32.92,29927.2727,3149.83,10.524948,26777.4427
4136,Holziken,AG,2026,1474,515.384615,2.86,10.76,9781.8182,1519.34,15.532286,8262.4782
4137,Leimbach (AG),AG,2026,473,411.304348,1.15,6.13,5572.7273,692.9,12.433768,4879.8273
4138,Leutwil,AG,2026,758,202.133333,3.75,9.56,8690.9091,1310.63,15.080471,7380.2791
4139,Menziken,AG,2026,6519,1021.786834,6.38,54.95,49954.5455,3772.86,7.552586,46181.6855
4140,Oberkulm,AG,2026,2725,289.585547,9.41,26.34,23945.4545,2177.86,9.095087,21767.5945
4141,Reinach (AG),AG,2026,8781,927.243928,9.47,71.77,65245.4545,9962.26,15.268895,55283.1945
4142,Schlossrued,AG,2026,835,115.172414,7.25,12.32,11200.0,1117.12,9.974286,10082.88
4143,Schmiedrued,AG,2026,1152,133.179191,8.65,17.39,15809.0909,525.99,3.327136,15283.1009
4144,Schöftland,AG,2026,4427,704.936306,6.28,32.11,29190.9091,3575.77,12.249601,25615.1391
4145,Teufenthal (AG),AG,2026,1641,459.663865,3.57,14.75,13409.0909,1012.27,7.549132,12396.8209
4146,Unterkulm,AG,2026,3134,352.927928,8.88,29.04,26400.0,3403.77,12.893068,22996.23
4147,Zetzwil,AG,2026,1348,232.413793,5.8,14.78,13436.3636,1272.59,9.471238,12163.7736
4161,Eiken,AG,2026,2301,324.541608,7.09,27.44,24945.4545,2866.27,11.490149,22079.1845
4163,Frick,AG,2026,5655,567.771084,9.96,53.24,48400.0,7923.34,16.370537,40476.66
4164,Gansingen,AG,2026,1053,120.068415,8.77,13.17,11972.7273,1377.1,11.501974,10595.6273
4165,Gipf-Oberfrick,AG,2026,3646,358.505408,10.17,27.96,25418.1818,3967.79,15.610046,21450.3918
4169,Kaisten,AG,2026,2682,148.258706,18.09,36.46,33145.4545,2335.98,7.047663,30809.4745
4170,Laufenburg,AG,2026,3680,253.968254,14.49,38.55,35045.4545,4900.74,13.983953,30144.7145
4172,Münchwilen (AG),AG,2026,950,386.178862,2.46,11.29,10263.6364,988.53,9.631382,9275.1064
4173,Oberhof,AG,2026,589,71.829268,8.2,8.31,7554.5455,1330.53,17.61231,6224.0155
4175,Oeschgen,AG,2026,1044,238.356164,4.38,11.04,10036.3636,2429.31,24.205082,7607.0536
4176,Schwaderloch,AG,2026,685,245.519713,2.79,7.21,6554.5455,734.44,11.205049,5820.1055
4177,Sisseln,AG,2026,1601,635.31746,2.52,18.06,16418.1818,2428.4,14.790919,13989.7818
4181,Wittnau,AG,2026,1330,118.222222,11.25,13.99,12718.1818,3404.85,26.771515,9313.3318
4182,Wölflinswil,AG,2026,1042,109.568875,9.51,14.16,12872.7273,2183.3,16.960664,10689.4273
4183,Zeihen,AG,2026,1175,170.784884,6.88,12.07,10972.7273,2024.43,18.449652,8948.2973
4184,Mettauertal,AG,2026,2035,94.212963,21.6,29.71,27009.0909,0.0,0.0,27009.0909
4185,Böztal,AG,2026,,,,32.99,29990.9091,15.15,0.050515,29975.7591
4186,Herznach-Ueken,AG,2026,,,,24.05,21863.6364,0.0,0.0,21863.6364
4191,Ammerswil,AG,2026,722,226.332288,3.19,6.62,6018.1818,962.88,15.999517,5055.3018
4192,Boniswil,AG,2026,1480,614.107884,2.41,13.11,11918.1818,1395.24,11.706819,10522.9418
4193,Brunegg,AG,2026,874,563.870968,1.55,11.55,10500.0,2605.36,24.812952,7894.64
4194,Dintikon,AG,2026,2254,605.913978,3.72,23.89,21718.1818,3007.41,13.84743,18710.7718
4195,Egliswil,AG,2026,1477,234.81717,6.29,15.85,14409.0909,2122.64,14.731256,12286.4509
4196,Fahrwangen,AG,2026,2280,568.578554,4.01,18.69,16990.9091,2349.42,13.827512,14641.4891
4197,Hallwil,AG,2026,879,403.211009,2.18,11.01,10009.0909,2057.6,20.557312,7951.4909
4198,Hendschiken,AG,2026,1322,375.568182,3.52,13.37,12154.5455,1755.07,14.439619,10399.4755
4199,Holderbank (AG),AG,2026,1377,590.987125,2.33,12.44,11309.0909,796.26,7.040884,10512.8309
4200,Hunzenschwil,AG,2026,4038,1238.650307,3.26,35.87,32609.0909,3553.42,10.897023,29055.6709
4201,Lenzburg,AG,2026,10822,956.852343,11.31,83.34,75763.6364,9597.72,12.667977,66165.9164
4202,Meisterschwanden,AG,2026,2955,695.294118,4.25,26.08,23709.0909,2755.45,11.621913,20953.6409
4203,Möriken-Wildegg,AG,2026,4498,680.484115,6.61,39.01,35463.6364,2618.16,7.382661,32845.4764
4204,Niederlenz,AG,2026,4765,1439.577039,3.31,33.62,30563.6364,5041.07,16.493685,25522.5664
4205,Othmarsingen,AG,2026,2929,620.550848,4.72,24.37,22154.5455,2581.05,11.650205,19573.4955
4206,Rupperswil,AG,2026,5483,881.511254,6.22,46.57,42336.3636,4991.56,11.790243,37344.8036
4207,Schafisheim,AG,2026,3031,478.830964,6.33,40.68,36981.8182,4497.15,12.160435,32484.6682
4208,Seengen,AG,2026,4081,421.155831,9.69,32.09,29172.7273,4718.85,16.175553,24453.8773
4209,Seon,AG,2026,5223,542.931393,9.62,50.7,46090.9091,8995.18,19.51617,37095.7291
4210,Staufen,AG,2026,3876,1082.681564,3.58,23.36,21236.3636,3315.72,15.613408,17920.6436
4221,Abtwil,AG,2026,964,232.289157,4.15,8.08,7345.4545,7667.06,104.378292,0.0
4222,Aristau,AG,2026,1487,172.106482,8.64,18.0,16363.6364,1910.39,11.674606,14453.2464
4223,Auw,AG,2026,2144,250.46729,8.56,23.95,21772.7273,6384.62,29.323933,15388.1073
4224,Beinwil (Freiamt),AG,2026,1176,103.97878,11.31,18.11,16463.6364,1619.65,9.837742,14843.9864
4226,Besenbüren,AG,2026,631,265.12605,2.38,7.47,6790.9091,1189.99,17.52328,5600.9191
4227,Bettwil,AG,2026,636,149.647059,4.25,9.8,8909.0909,2058.6,23.106735,6850.4909
4228,Boswil,AG,2026,2873,243.887946,11.78,34.08,30981.8182,5992.84,19.343087,24988.9782
4229,Bünzen,AG,2026,1113,192.560554,5.78,15.36,13963.6364,1251.95,8.965788,12711.6864
4230,Buttwil,AG,2026,1240,271.334792,4.57,12.52,11381.8182,1576.56,13.851565,9805.2582
4231,Dietwil,AG,2026,1333,242.8051,5.49,11.74,10672.7273,2232.7,20.919676,8440.0273
4232,Geltwil,AG,2026,221,67.378049,3.28,4.1,3727.2727,963.85,25.85939,2763.4227
4233,Kallern,AG,2026,387,144.402985,2.68,6.07,5518.1818,856.57,15.522685,4661.6118
4234,Merenschwand,AG,2026,3667,271.428571,13.51,40.14,36490.9091,7204.99,19.744616,29285.9191
4235,Mühlau,AG,2026,1209,219.021739,5.52,13.6,12363.6364,2557.32,20.684206,9806.3164
4236,Muri (AG),AG,2026,8137,659.400324,12.34,66.88,60800.0,16244.45,26.717845,44555.55
4237,Oberrüti,AG,2026,1542,286.6171,5.38,15.34,13945.4545,2602.48,18.661851,11342.9745
4238,Rottenschwil,AG,2026,910,202.672606,4.49,8.57,7790.9091,1089.81,13.988226,6701.0991
4239,Sins,AG,2026,4278,210.635155,20.31,60.45,54954.5455,6956.58,12.658789,47997.9655
4240,Waltenschwil,AG,2026,2964,652.863436,4.54,24.51,22281.8182,4203.95,18.867177,18077.8682
4251,Hellikon,AG,2026,785,111.505682,7.04,11.28,10254.5455,758.09,7.392722,9496.4555
4252,Kaiseraugst,AG,2026,5533,1129.183673,4.9,43.95,39954.5455,9488.17,23.747411,30466.3755
4253,Magden,AG,2026,3885,352.540835,11.02,25.73,23390.9091,3667.32,15.678399,19723.5891
4254,Möhlin,AG,2026,11047,588.232162,18.78,97.08,88254.5455,15710.26,17.801077,72544.2855
4255,Mumpf,AG,2026,1553,499.356913,3.11,9.59,8718.1818,783.35,8.985245,7934.8318
4256,Obermumpf,AG,2026,1047,208.565737,5.02,9.14,8309.0909,946.11,11.386444,7362.9809
4257,Olsberg,AG,2026,361,78.308026,4.61,4.64,4218.1818,383.31,9.087091,3834.8718
4258,Rheinfelden,AG,2026,13503,841.832918,16.04,78.02,70927.2727,14770.34,20.824627,56156.9327
4259,Schupfart,AG,2026,802,113.758865,7.05,10.09,9172.7273,1555.91,16.962349,7616.8173
4260,Stein (AG),AG,2026,3184,1133.096085,2.81,29.76,27054.5455,4410.87,16.303619,22643.6755
4261,Wallbach,AG,2026,1984,439.911308,4.51,20.67,18790.9091,3868.59,20.587562,14922.3191
4262,Wegenstetten,AG,2026,1040,146.067416,7.12,13.07,11881.8182,1132.62,9.532379,10749.1982
4263,Zeiningen,AG,2026,2381,209.41073,11.37,22.16,20145.4545,2730.96,13.556209,17414.4945
4264,Zuzgen,AG,2026,864,102.857143,8.4,11.49,10445.4545,1466.57,14.04027,8978.8845
4271,Aarburg,AG,2026,8376,1899.319728,4.41,47.48,43163.6364,4936.94,11.43773,38226.6964
4273,Bottenwil,AG,2026,804,157.647059,5.1,8.71,7918.1818,1037.99,13.108944,6880.1918
4274,Brittnau,AG,2026,3947,288.734455,13.67,38.31,34827.2727,4163.58,11.954941,30663.6927
4275,Kirchleerau,AG,2026,870,199.541284,4.36,10.37,9427.2727,1241.25,13.166586,8186.0227
4276,Kölliken,AG,2026,4581,515.298088,8.89,42.36,38509.0909,5617.1,14.586426,32891.9909
4277,Moosleerau,AG,2026,899,235.958005,3.81,8.88,8072.7273,988.95,12.250507,7083.7773
4279,Murgenthal,AG,2026,3013,161.815252,18.62,30.33,27572.7273,1248.49,4.527989,26324.2373
4280,Oftringen,AG,2026,14101,1097.354086,12.85,103.95,94500.0,11176.09,11.82655,83323.91
4281,Reitnau,AG,2026,1555,193.890274,8.02,23.1,21000.0,1914.18,9.115143,19085.82
4282,Rothrist,AG,2026,9148,771.983122,11.85,91.02,82745.4545,11418.59,13.799658,71326.8645
4283,Safenwil,AG,2026,3924,655.09182,5.99,39.39,35809.0909,4005.39,11.1854,31803.7009
4284,Staffelbach,AG,2026,1301,145.68869,8.93,16.24,14763.6364,1449.85,9.820413,13313.7864
4285,Strengelbach,AG,2026,4870,807.628524,6.03,32.68,29709.0909,5539.21,18.644832,24169.8809
4286,Uerkheim,AG,2026,1346,189.844852,7.09,14.51,13190.9091,1424.78,10.801227,11766.1291
4287,Vordemwald,AG,2026,1977,194.970414,10.14,18.31,16645.4545,2665.67,16.014402,13979.7845
4288,Wiliberg,AG,2026,163,139.316239,1.17,2.46,2236.3636,221.61,9.90939,2014.7536
4289,Zofingen,AG,2026,11861,1070.487365,11.08,88.58,80527.2727,10391.27,12.904038,70136.0027
4303,Böttstein,AG,2026,3919,527.456258,7.43,34.23,31118.1818,363.76,1.168963,30754.4218
4304,Döttingen,AG,2026,4139,597.258297,6.93,35.48,32254.5455,2415.33,7.48834,29839.2155
4305,Endingen,AG,2026,2565,215.184564,11.92,22.96,20872.7273,2638.96,12.643101,18233.7673
4306,Fisibach,AG,2026,510,88.388215,5.77,8.63,7845.4545,691.27,8.811089,7154.1845
4307,Full-Reuenthal,AG,2026,880,182.572614,4.82,14.22,12927.2727,2065.91,15.98102,10861.3627
4309,Klingnau,AG,2026,3536,526.974665,6.71,29.36,26690.9091,4233.69,15.861918,22457.2191
4310,Koblenz,AG,2026,1689,413.970588,4.08,15.61,14190.9091,4104.32,28.922178,10086.5891
4311,Leibstadt,AG,2026,1384,216.588419,6.39,26.84,24400.0,2457.38,10.07123,21942.62
4312,Lengnau (AG),AG,2026,2780,219.415943,12.67,26.24,23854.5455,3667.18,15.373087,20187.3655
4313,Leuggern,AG,2026,2141,155.59593,13.76,25.23,22936.3636,2581.07,11.253179,20355.2936
4314,Mellikon,AG,2026,229,84.814815,2.7,4.8,4363.6364,1164.44,26.685083,3199.1964
4318,Schneisingen,AG,2026,1486,179.903148,8.26,15.76,14327.2727,1610.11,11.238077,12717.1627
4319,Siglistorf,AG,2026,636,115.426497,5.51,6.04,5490.9091,685.61,12.486275,4805.2991
4320,Tegerfelden,AG,2026,1195,167.837079,7.12,13.51,12281.8182,1346.87,10.966373,10934.9482
4324,Zurzach,AG,2026,,,,64.01,58190.9091,5440.21,9.3489,52750.6991
4401,Arbon,TG,2026,14796,2466.0,6.0,95.27,86609.0909,9502.83,10.972093,77106.2609
4406,Dozwil,TG,2026,683,525.384615,1.3,8.07,7336.3636,1551.24,21.144535,5785.1236
4411,Egnach,TG,2026,4699,254.964731,18.43,72.18,65618.1818,5048.96,7.694453,60569.2218
4416,Hefenhofen,TG,2026,1210,199.013158,6.08,19.88,18072.7273,3566.55,19.734432,14506.1773
4421,Horn,TG,2026,2901,1676.878613,1.73,18.0,16363.6364,5231.41,31.969728,11132.2264
4426,Kesswil,TG,2026,999,223.489933,4.47,16.91,15372.7273,1966.2,12.790183,13406.5273
4431,Roggwil (TG),TG,2026,3095,257.487521,12.02,37.26,33872.7273,4353.4,12.852228,29519.3273
4436,Romanshorn,TG,2026,11269,1290.836197,8.73,81.89,74445.4545,12639.98,16.978847,61805.4745
4441,Salmsach,TG,2026,1477,545.01845,2.71,20.68,18800.0,2489.48,13.241915,16310.52
4446,Sommeri,TG,2026,610,144.549763,4.22,10.03,9118.1818,1506.85,16.525773,7611.3318
4451,Uttwil,TG,2026,1893,435.172414,4.35,13.69,12445.4545,1541.3,12.384441,10904.1545
4461,Amriswil,TG,2026,13816,726.39327,19.02,106.9,97181.8182,16455.71,16.93291,80726.1082
4471,Bischofszell,TG,2026,5982,516.580311,11.58,54.37,49427.2727,9980.11,20.191505,39447.1627
4476,Erlen,TG,2026,3779,310.008203,12.19,47.04,42763.6364,5680.57,13.283646,37083.0664
4486,Hauptwil-Gottshaus,TG,2026,1993,159.567654,12.49,24.97,22700.0,0.0,0.0,22700.0
4495,Hohentannen,TG,2026,584,72.908864,8.01,12.63,11481.8182,1305.99,11.374418,10175.8282
4501,Kradolf-Schönenberg,TG,2026,3609,329.589041,10.95,35.07,31881.8182,7.06,0.022144,31874.7582
4506,Sulgen,TG,2026,3918,429.605263,9.12,49.23,44754.5455,9785.76,21.865399,34968.7855
4511,Zihlschlacht-Sitterdorf,TG,2026,2442,200.0,12.21,33.98,30890.9091,534.6,1.730606,30356.3091
4536,Basadingen-Schlattingen,TG,2026,1829,117.018554,15.63,45.63,41481.8182,0.0,0.0,41481.8182
4545,Diessenhofen,TG,2026,4042,400.992063,10.08,35.11,31918.1818,3407.97,10.677206,28510.2118
4546,Schlatt (TG),TG,2026,1777,114.350064,15.54,26.51,24100.0,3573.26,14.826805,20526.74
4551,Aadorf,TG,2026,9047,453.711133,19.94,79.73,72481.8182,8916.07,12.301113,63565.7482
4561,Felben-Wellhausen,TG,2026,2869,388.753387,7.38,29.34,26672.7273,5308.48,19.902277,21364.2473
4566,Frauenfeld,TG,2026,25781,942.288012,27.36,191.04,173672.7273,36772.09,21.173209,136900.6373
4571,Gachnang,TG,2026,4455,457.392197,9.74,40.05,36409.0909,2161.81,5.937556,34247.2809
4590,Hüttlingen,TG,2026,842,72.586207,11.6,12.61,11463.6364,1336.51,11.658692,10127.1264
4591,Matzingen,TG,2026,2967,386.328125,7.68,28.33,25754.5455,3333.14,12.941948,22421.4055
4601,Neunforn,TG,2026,1048,92.253521,11.36,16.99,15445.4545,0.0,0.0,15445.4545
4606,Stettfurt,TG,2026,1224,192.150706,6.37,14.58,13254.5455,2470.65,18.640021,10783.8955
4611,Thundorf,TG,2026,1488,95.323511,15.61,21.62,19654.5455,2463.86,12.535828,17190.6855
4616,Uesslingen-Buch,TG,2026,1084,77.263008,14.03,19.48,17709.0909,17.46,0.098593,17691.6309
4621,Warth-Weiningen,TG,2026,1333,162.362972,8.21,15.38,13981.8182,78.52,0.561586,13903.2982
4641,Altnau,TG,2026,2285,339.524517,6.73,22.33,20300.0,3855.85,18.994335,16444.15
4643,Bottighofen,TG,2026,2301,954.771784,2.41,14.13,12845.4545,3226.98,25.121571,9618.4745
4646,Ermatingen,TG,2026,3527,337.189293,10.46,29.62,26927.2727,5141.12,19.092613,21786.1527
4651,Gottlieben,TG,2026,333,1040.625,0.32,2.92,2654.5455,208.36,7.849178,2446.1855
4656,Güttingen,TG,2026,1661,174.109015,9.54,23.86,21690.9091,5367.1,24.743546,16323.8091
4666,Kemmental,TG,2026,2601,103.873802,25.04,48.78,44345.4545,0.0,0.0,44345.4545
4671,Kreuzlingen,TG,2026,22188,1929.391304,11.5,120.48,109527.2727,16883.1,15.414517,92644.1727
4681,Langrickenbach,TG,2026,1273,117.54386,10.83,22.28,20254.5455,2024.83,9.996917,18229.7155
4683,Lengwil,TG,2026,1744,196.175478,8.89,25.18,22890.9091,2902.1,12.677959,19988.8091
4691,Münsterlingen,TG,2026,3494,639.92674,5.46,23.78,21618.1818,754.18,3.488638,20864.0018
4696,Tägerwilen,TG,2026,4762,411.937716,11.56,59.8,54363.6364,10650.25,19.590761,43713.3864
4701,Wäldi,TG,2026,1047,85.749386,12.21,26.13,23754.5455,819.67,3.450582,22934.8755
4711,Affeltrangen,TG,2026,2606,180.595981,14.43,41.07,37336.3636,6208.31,16.628052,31128.0536
4716,Bettwiesen,TG,2026,1226,318.441558,3.85,13.0,11818.1818,2111.57,17.867131,9706.6118
4721,Bichelsee-Balterswil,TG,2026,2878,234.747145,12.26,29.2,26545.4545,0.0,0.0,26545.4545
4723,Braunau,TG,2026,815,88.876772,9.17,12.07,10972.7273,2378.44,21.675924,8594.2873
4724,Eschlikon,TG,2026,4480,720.257235,6.22,42.28,38436.3636,6897.5,17.945246,31538.8636
4726,Fischingen,TG,2026,2802,91.628515,30.58,35.8,32545.4545,1986.22,6.102911,30559.2345
4741,Lommis,TG,2026,1211,140.650407,8.61,16.65,15136.3636,1752.89,11.580655,13383.4736
4746,Münchwilen (TG),TG,2026,5680,727.272727,7.81,48.69,44263.6364,5117.63,11.561703,39146.0064
4751,Rickenbach (TG),TG,2026,2803,1774.050633,1.58,16.03,14572.7273,208.11,1.428079,14364.6173
4756,Schönholzerswilen,TG,2026,846,77.401647,10.93,17.31,15736.3636,2146.53,13.640572,13589.8336
4761,Sirnach,TG,2026,7803,630.290792,12.38,60.81,55281.8182,9282.77,16.791723,45999.0482
4776,Tobel-Tägerschen,TG,2026,1604,225.59775,7.11,19.57,17790.9091,291.41,1.637971,17499.4991
4781,Wängi,TG,2026,4769,290.261716,16.43,55.98,50890.9091,8048.63,15.815457,42842.2791
4786,Wilen (TG),TG,2026,2521,1120.444444,2.25,15.73,14300.0,61.34,0.428951,14238.66
4791,Wuppenau,TG,2026,1118,92.244224,12.12,19.99,18172.7273,1897.59,10.441966,16275.1373
4801,Berlingen,TG,2026,890,248.603352,3.58,6.12,5563.6364,840.5,15.107026,4723.1364
4806,Eschenz,TG,2026,1832,152.666667,12.0,21.27,19336.3636,3027.53,15.657184,16308.8336
4811,Herdern,TG,2026,1115,81.209031,13.73,18.95,17227.2727,1507.18,8.748802,15720.0927
4816,Homburg,TG,2026,1542,63.903854,24.13,35.1,31909.0909,2954.28,9.258427,28954.8109
4821,Hüttwilen,TG,2026,1773,100.396376,17.66,28.68,26072.7273,4016.82,15.406213,22055.9073
4826,Mammern,TG,2026,659,121.139706,5.44,8.11,7372.7273,634.81,8.610247,6737.9173
4831,Müllheim,TG,2026,3003,343.592677,8.74,30.4,27636.3636,6058.44,21.921987,21577.9236
4841,Pfyn,TG,2026,2071,157.61035,13.14,24.97,22700.0,1745.21,7.68815,20954.79
4846,Raperswilen,TG,2026,413,53.706112,7.69,10.6,9636.3636,873.49,9.064519,8762.8736
4851,Salenstein,TG,2026,1369,209.327217,6.54,12.91,11736.3636,597.2,5.088459,11139.1636
4864,Steckborn,TG,2026,3746,426.651481,8.78,27.13,24663.6364,4272.14,17.321614,20391.4964
4871,Wagenhausen,TG,2026,1713,145.046571,11.81,22.05,20045.4545,597.36,2.980027,19448.0945
4881,Amlikon-Bissegg,TG,2026,1341,92.738589,14.46,27.86,25327.2727,7310.62,28.864616,18016.6527
4891,Berg (TG),TG,2026,3449,262.480974,13.14,41.44,37672.7273,3631.79,9.640369,34040.9373
4901,Birwinken,TG,2026,1340,109.031733,12.29,22.65,20590.9091,347.65,1.688366,20243.2591
4911,Bürglen (TG),TG,2026,3959,338.087105,11.71,48.75,44318.1818,3222.89,7.272162,41095.2918
4921,Bussnang,TG,2026,2458,130.190678,18.88,39.57,35972.7273,1516.4,4.215416,34456.3273
4941,Märstetten,TG,2026,2889,290.060241,9.96,38.39,34900.0,3973.23,11.384613,30926.77
4946,Weinfelden,TG,2026,11602,749.483204,15.48,113.66,103327.2727,23666.23,22.904147,79661.0427
4951,Wigoltingen,TG,2026,2464,143.841214,17.13,41.63,37845.4545,2053.64,5.426385,35791.8145
5001,Arbedo-Castione,TI,2026,5057,236.418887,21.39,40.7,37000.0,2657.77,7.183162,34342.23
5002,Bellinzona,TI,2026,43279,263.542808,164.22,358.73,326118.1818,27484.6,8.427804,298633.5818
5003,Cadenazzo,TI,2026,2942,351.073986,8.38,40.32,36654.5455,8487.79,23.156173,28166.7555
5009,Isone,TI,2026,396,30.86516,12.83,7.67,6972.7273,629.83,9.032764,6342.8973
5010,Lumino,TI,2026,1571,155.698712,10.09,13.26,12054.5455,1161.05,9.631637,10893.4955
5017,Sant'Antonino,TI,2026,2510,383.206107,6.55,43.2,39272.7273,149.02,0.379449,39123.7073
5048,Acquarossa,TI,2026,1813,29.346067,61.78,28.83,26209.0909,249.39,0.95154,25959.7009
5049,Blenio,TI,2026,1770,8.762376,202.0,35.8,32545.4545,0.0,0.0,32545.4545
5050,Serravalle,TI,2026,2075,21.43595,96.8,28.78,26163.6364,18.0,0.068798,26145.6364
5061,Airolo,TI,2026,1481,15.696873,94.35,32.07,29154.5455,1804.99,6.19111,27349.5555
5063,Bedretto,TI,2026,106,1.409762,75.19,4.72,4290.9091,0.0,0.0,4290.9091
5064,Bodio,TI,2026,968,149.382716,6.48,7.52,6836.3636,693.14,10.139016,6143.2236
5071,Dalpe,TI,2026,171,11.752577,14.55,4.79,4354.5455,354.98,8.151942,3999.5655
5072,Faido,TI,2026,2889,21.78733,132.6,50.7,46090.9091,611.31,1.326314,45479.5991
5073,Giornico,TI,2026,833,42.67418,19.52,8.38,7618.1818,3564.22,46.785704,4053.9618
5076,Personico,TI,2026,331,8.511185,38.89,3.25,2954.5455,917.15,31.042,2037.3955
5077,Pollegio,TI,2026,799,133.388982,5.99,6.74,6127.2727,761.59,12.42951,5365.6827
5078,Prato (Leventina),TI,2026,409,24.31629,16.82,4.47,4063.6364,41.73,1.026913,4021.9064
5079,Quinto,TI,2026,1020,13.562026,75.21,25.02,22745.4545,291.71,1.282498,22453.7445
5091,Ascona,TI,2026,5497,1110.505051,4.95,59.6,54181.8182,4021.55,7.422324,50160.2682
5096,Brione sopra Minusio,TI,2026,480,125.65445,3.82,10.25,9318.1818,1487.35,15.961805,7830.8318
5097,Brissago,TI,2026,1695,95.224719,17.8,29.67,26972.7273,2262.79,8.389178,24709.9373
5108,Gordola,TI,2026,4666,672.334294,6.94,42.92,39018.1818,4875.34,12.495047,34142.8418
5112,Lavertezzo,TI,2026,1299,22.331098,58.17,14.51,13190.9091,31.86,0.24153,13159.0491
5113,Locarno,TI,2026,15776,844.087747,18.69,114.25,103863.6364,6289.96,6.055979,97573.6764
5115,Losone,TI,2026,6695,723.00216,9.26,60.08,54618.1818,7052.26,12.911927,47565.9218
5117,Mergoscia,TI,2026,209,17.173377,12.17,6.87,6245.4545,243.63,3.900917,6001.8245
5118,Minusio,TI,2026,7281,1242.491468,5.86,48.24,43854.5455,3701.79,8.441063,40152.7555
5120,Muralto,TI,2026,2675,4533.898305,0.59,15.56,14145.4545,672.39,4.7534,13473.0645
5121,Orselina,TI,2026,717,369.587629,1.94,11.74,10672.7273,963.22,9.02506,9709.5073
5125,Ronco sopra Ascona,TI,2026,573,114.371257,5.01,14.06,12781.8182,1268.3,9.922688,11513.5182
5131,Tenero-Contra,TI,2026,3223,873.441734,3.69,27.31,24827.2727,43.24,0.174163,24784.0327
5136,Onsernone,TI,2026,661,6.272537,105.38,17.36,15781.8182,8.17,0.051768,15773.6482
5138,Cugnasco-Gerra,TI,2026,2845,79.424902,35.82,28.2,25636.3636,3848.69,15.012621,21787.6736
5141,Agno,TI,2026,4403,1761.2,2.5,36.99,33627.2727,3560.86,10.589202,30066.4127
5143,Aranno,TI,2026,376,145.173745,2.59,4.21,3827.2727,311.33,8.134513,3515.9427
5144,Arogno,TI,2026,992,116.981132,8.48,12.0,10909.0909,863.29,7.913492,10045.8009
5146,Astano,TI,2026,299,78.47769,3.81,5.62,5109.0909,268.46,5.254555,4840.6309
5148,Bedano,TI,2026,1545,826.203209,1.87,20.49,18627.2727,3014.17,16.181489,15613.1027
5149,Bedigliora,TI,2026,611,237.743191,2.57,7.78,7072.7273,309.69,4.37865,6763.0373
5151,Bioggio,TI,2026,2658,414.664587,6.41,46.56,42327.2727,6361.73,15.02986,35965.5427
5154,Bissone,TI,2026,913,490.860215,1.86,5.93,5390.9091,320.04,5.936661,5070.8691
5160,Brusino Arsizio,TI,2026,459,110.60241,4.15,6.34,5763.6364,410.84,7.128139,5352.7964
5161,Cademario,TI,2026,776,195.959596,3.96,9.64,8763.6364,741.43,8.460301,8022.2064
5162,Cadempino,TI,2026,1536,2021.052632,0.76,13.94,12672.7273,2583.83,20.388902,10088.8973
5167,Canobbio,TI,2026,2316,1809.375,1.28,17.05,15500.0,1341.56,8.655226,14158.44
5171,Caslano,TI,2026,4304,1515.492958,2.84,33.04,30036.3636,3581.17,11.922781,26455.1936
5176,Comano,TI,2026,2047,993.68932,2.06,20.42,18563.6364,1722.32,9.277924,16841.3164
5180,Cureglia,TI,2026,1422,1341.509434,1.06,11.94,10854.5455,1294.94,11.929933,9559.6055
5181,Curio,TI,2026,565,205.454545,2.75,6.9,6272.7273,602.01,9.597261,5670.7173
5186,Grancia,TI,2026,463,759.016393,0.61,11.71,10645.4545,2552.12,23.9738,8093.3345
5187,Gravesano,TI,2026,1375,1936.619718,0.71,11.86,10781.8182,900.09,8.348221,9881.7282
5189,Lamone,TI,2026,1727,928.494624,1.86,19.19,17445.4545,1486.5,8.520844,15958.9545
5192,Lugano,TI,2026,62615,824.641117,75.93,370.08,336436.3636,9640.18,2.86538,326796.1836
5193,Magliaso,TI,2026,1627,1479.090909,1.1,18.31,16645.4545,1737.67,10.439306,14907.7845
5194,Manno,TI,2026,1305,550.632911,2.37,26.99,24536.3636,5122.78,20.878318,19413.5836
5196,Massagno,TI,2026,6153,8314.864865,0.74,19.98,18163.6364,1478.4,8.139339,16685.2364
5198,Melide,TI,2026,1806,1075.0,1.68,9.39,8536.3636,912.02,10.68394,7624.3436
5199,Mezzovico-Vira,TI,2026,1377,123.719677,11.13,26.46,24054.5455,5370.52,22.326425,18684.0255
5200,Miglieglia,TI,2026,317,62.156863,5.1,3.97,3609.0909,360.49,9.988388,3248.6009
5203,Morcote,TI,2026,715,256.272401,2.79,11.17,10154.5455,387.21,3.813169,9767.3355
5205,Muzzano,TI,2026,810,519.230769,1.56,18.31,16645.4545,1619.26,9.727941,15026.1945
5206,Neggio,TI,2026,324,364.044944,0.89,4.46,4054.5455,311.11,7.673117,3743.4355
5207,Novaggio,TI,2026,832,191.705069,4.34,10.3,9363.6364,1057.5,11.293689,8306.1364
5208,Origlio,TI,2026,1482,712.5,2.08,14.14,12854.5455,1010.19,7.858621,11844.3555
5210,Paradiso,TI,2026,4303,4834.831461,0.89,12.14,11036.3636,350.78,3.178402,10685.5836
5212,Ponte Capriasca,TI,2026,1907,309.076175,6.17,13.69,12445.4545,1708.52,13.728064,10736.9345
5214,Porza,TI,2026,1526,978.205128,1.56,17.92,16290.9091,1889.2,11.596652,14401.7091
5216,Pura,TI,2026,1348,443.421053,3.04,14.48,13163.6364,1225.1,9.306699,11938.5364
5221,Savosa,TI,2026,2199,2971.621622,0.74,14.76,13418.1818,1133.15,8.444885,12285.0318
5225,Sorengo,TI,2026,1835,2158.823529,0.85,14.26,12963.6364,1216.77,9.386024,11746.8664
5226,Capriasca,TI,2026,6737,185.184167,36.38,64.26,58418.1818,154.55,0.264558,58263.6318
5227,Torricella-Taverne,TI,2026,3104,591.238095,5.25,33.12,30109.0909,397.67,1.320764,29711.4209
5230,Vernate,TI,2026,583,386.092715,1.51,6.49,5900.0,696.34,11.802373,5203.66
5231,Vezia,TI,2026,1877,1350.359712,1.39,15.63,14209.0909,2066.04,14.540269,12143.0509
5233,Vico Morcote,TI,2026,431,218.781726,1.97,6.6,6000.0,203.8,3.396667,5796.2
5236,Collina d'Oro,TI,2026,4615,750.406504,6.15,49.81,45281.8182,2.9,0.006404,45278.9182
5237,Alto Malcantone,TI,2026,1392,63.100635,22.06,18.91,17190.9091,0.0,0.0,17190.9091
5238,Monteceneri,TI,2026,4508,124.944568,36.08,54.25,49318.1818,0.0,0.0,49318.1818
5239,Tresa,TI,2026,,,,45.57,41427.2727,0.0,0.0,41427.2727
5240,Val Mara,TI,2026,,,,25.27,22972.7273,0.0,0.0,22972.7273
5242,Balerna,TI,2026,3270,1292.490119,2.53,58.52,53200.0,8707.79,16.368026,44492.21
5249,Castel San Pietro,TI,2026,2194,185.617597,11.82,29.69,26990.9091,2141.25,7.933227,24849.6591
5250,Chiasso,TI,2026,7759,1450.280374,5.35,53.45,48590.9091,2521.42,5.189078,46069.4891
5251,Coldrerio,TI,2026,2903,1180.081301,2.46,27.48,24981.8182,2494.01,9.983301,22487.8082
5254,Mendrisio,TI,2026,14870,468.051621,31.77,188.15,171045.4545,11852.95,6.929708,159192.5045
5257,Morbio Inferiore,TI,2026,4517,1998.672566,2.26,35.8,32545.4545,3115.13,9.571628,29430.3245
5260,Novazzano,TI,2026,2346,448.565966,5.23,41.58,37800.0,5481.63,14.501667,32318.37
5263,Riva San Vitale,TI,2026,2654,436.513158,6.08,27.75,25227.2727,3422.3,13.565874,21804.9727
5266,Stabio,TI,2026,4510,733.333333,6.15,91.93,83572.7273,9631.68,11.524908,73941.0473
5268,Vacallo,TI,2026,3383,2062.804878,1.64,22.0,20000.0,1766.4,8.832,18233.6
5269,Breggia,TI,2026,1936,75.921569,25.5,26.67,24245.4545,5.88,0.024252,24239.5745
5281,Biasca,TI,2026,6092,103.254237,59.0,51.25,46590.9091,6272.64,13.463227,40318.2691
5287,Riviera,TI,2026,4209,48.613999,86.58,40.66,36963.6364,3.15,0.008522,36960.4864
5304,Bosco/Gurin,TI,2026,49,2.226261,22.01,2.63,2390.9091,0.0,0.0,2390.9091
5307,Campo (Vallemaggia),TI,2026,51,1.177557,43.31,4.47,4063.6364,0.0,0.0,4063.6364
5309,Cerentino,TI,2026,45,2.238806,20.1,1.71,1554.5455,17.92,1.152749,1536.6255
5310,Cevio,TI,2026,1146,7.574356,151.3,10.86,9872.7273,423.88,4.293444,9448.8473
5315,Linescio,TI,2026,47,7.057057,6.66,1.04,945.4545,0.0,0.0,945.4545
5317,Maggia,TI,2026,2609,23.472785,111.15,31.28,28436.3636,1191.93,4.19157,27244.4336
5323,Lavizzara,TI,2026,508,2.7089,187.53,13.0,11818.1818,0.0,0.0,11818.1818
5324,Avegno Gordevio,TI,2026,1512,55.34407,27.32,19.02,17290.9091,0.0,0.0,17290.9091
5396,Terre di Pedemonte,TI,2026,2625,226.488352,11.59,26.6,24181.8182,0.0,0.0,24181.8182
5397,Centovalli,TI,2026,1134,21.196262,53.5,19.91,18100.0,0.0,0.0,18100.0
5398,Gambarogno,TI,2026,5136,99.150579,51.8,81.29,73900.0,159.25,0.215494,73740.75
5399,Verzasca,TI,2026,640,4.457135,143.59,19.66,17872.7273,0.0,0.0,17872.7273
5401,Aigle,VD,2026,10197,621.389397,16.41,92.84,84400.0,24777.37,29.357073,59622.63
5402,Bex,VD,2026,7879,81.588485,96.57,75.48,68618.1818,9762.08,14.226667,58856.1018
5403,Chessel,VD,2026,428,120.56338,3.55,5.89,5354.5455,1379.76,25.768014,3974.7855
5404,Corbeyrier,VD,2026,434,19.727273,22.0,6.56,5963.6364,419.61,7.036143,5544.0264
5405,Gryon,VD,2026,1348,88.567674,15.22,28.75,26136.3636,1357.93,5.195558,24778.4336
5406,Lavey-Morcles,VD,2026,929,65.422535,14.2,8.37,7609.0909,56.42,0.741481,7552.6709
5407,Leysin,VD,2026,3782,203.66182,18.57,37.74,34309.0909,1620.89,4.724375,32688.2009
5408,Noville,VD,2026,1170,112.608277,10.39,16.64,15127.2727,2968.73,19.625018,12158.5427
5409,Ollon,VD,2026,7555,126.868178,59.55,96.44,87672.7273,5114.9,5.834083,82557.8273
5410,Ormont-Dessous,VD,2026,1142,17.813134,64.11,33.27,30245.4545,467.88,1.546943,29777.5745
5411,Ormont-Dessus,VD,2026,1433,23.266764,61.59,40.41,36736.3636,19.52,0.053135,36716.8436
5412,Rennaz,VD,2026,872,398.173516,2.19,15.86,14418.1818,3324.55,23.058039,11093.6318
5413,Roche (VD),VD,2026,1827,283.255814,6.45,17.05,15500.0,2469.78,15.934065,13030.22
5414,Villeneuve (VD),VD,2026,5763,180.206379,31.98,44.48,40436.3636,7765.24,19.203606,32671.1236
5415,Yvorne,VD,2026,1067,87.459016,12.2,23.54,21400.0,1251.3,5.847196,20148.7
5422,Aubonne,VD,2026,3807,265.481172,14.34,40.02,36381.8182,3555.21,9.771942,32826.6082
5423,Ballens,VD,2026,542,64.142012,8.45,7.94,7218.1818,1439.26,19.93937,5778.9218
5424,Berolle,VD,2026,300,31.217482,9.61,4.57,4154.5455,662.17,15.938446,3492.3755
5425,Bière,VD,2026,1593,63.567438,25.06,27.31,24827.2727,1398.7,5.633724,23428.5727
5426,Bougy-Villars,VD,2026,473,267.231638,1.77,5.18,4709.0909,490.77,10.421757,4218.3209
5427,Féchy,VD,2026,860,318.518519,2.7,9.12,8290.9091,1021.02,12.314934,7269.8891
5428,Gimel,VD,2026,2236,118.432203,18.88,17.7,16090.9091,2006.82,12.471763,14084.0891
5429,Longirod,VD,2026,481,50.899471,9.45,6.46,5872.7273,629.7,10.722446,5243.0273
5430,Marchissy,VD,2026,472,39.398998,11.98,5.53,5027.2727,427.73,8.508192,4599.5427
5431,Mollens (VD),VD,2026,307,27.934486,10.99,5.84,5309.0909,482.86,9.094966,4826.2309
5434,Saint-George,VD,2026,1063,86.282468,12.32,10.19,9263.6364,1986.79,21.447193,7276.8464
5435,Saint-Livres,VD,2026,688,84.729064,8.12,8.02,7290.9091,480.61,6.591908,6810.2991
5436,Saint-Oyens,VD,2026,447,146.078431,3.06,4.25,3863.6364,516.83,13.376776,3346.8064
5437,Saubraz,VD,2026,422,113.746631,3.71,4.04,3672.7273,185.96,5.063267,3486.7673
5451,Avenches,VD,2026,4295,220.595788,19.47,55.68,50618.1818,7607.65,15.029481,43010.5318
5456,Cudrefin,VD,2026,1733,111.734365,15.51,23.65,21500.0,4750.54,22.095535,16749.46
5458,Faoug,VD,2026,881,253.16092,3.48,9.04,8218.1818,1836.49,22.34667,6381.6918
5464,Vully-les-Lacs,VD,2026,3274,156.500956,20.92,42.32,38472.7273,284.23,0.738783,38188.4973
5471,Bettens,VD,2026,650,173.796791,3.74,5.9,5363.6364,244.45,4.557542,5119.1864
5472,Bournens,VD,2026,420,107.41688,3.91,4.62,4200.0,1081.17,25.742143,3118.83
5473,Boussens,VD,2026,991,313.607595,3.16,8.88,8072.7273,1604.02,19.869617,6468.7073
5474,La Chaux (Cossonay),VD,2026,395,58.605341,6.74,5.79,5263.6364,871.35,16.554145,4392.2864
5475,Chavannes-le-Veyron,VD,2026,152,57.575758,2.64,3.59,3263.6364,155.47,4.763705,3108.1664
5476,Chevilly,VD,2026,315,80.976864,3.89,4.11,3736.3636,309.0,8.270073,3427.3636
5477,Cossonay,VD,2026,4044,488.405797,8.28,27.27,24790.9091,4171.03,16.824837,20619.8791
5479,Cuarnens,VD,2026,486,68.162693,7.13,7.82,7109.0909,583.91,8.213568,6525.1809
5480,Daillens,VD,2026,1034,187.318841,5.52,16.71,15190.9091,3384.06,22.276876,11806.8491
5481,Dizy,VD,2026,234,76.973684,3.04,4.32,3927.2727,648.91,16.523171,3278.3627
5482,Eclépens,VD,2026,1219,210.172414,5.8,25.08,22800.0,4911.48,21.541579,17888.52
5483,Ferreyres,VD,2026,318,100.632911,3.16,5.19,4718.1818,279.11,5.915626,4439.0718
5484,Gollion,VD,2026,939,172.293578,5.45,10.12,9200.0,1036.5,11.266304,8163.5
5485,Grancy,VD,2026,397,70.017637,5.67,6.59,5990.9091,656.42,10.956935,5334.4891
5486,L'Isle,VD,2026,1009,62.207152,16.22,13.81,12554.5455,456.86,3.639001,12097.6855
5487,Lussery-Villars,VD,2026,459,122.727273,3.74,5.09,4627.2727,486.04,10.503811,4141.2327
5488,Mauraz,VD,2026,57,114.0,0.5,1.04,945.4545,45.99,4.864327,899.4645
5489,Mex (VD),VD,2026,718,253.710247,2.83,12.7,11545.4545,1668.1,14.44811,9877.3545
5490,Moiry,VD,2026,310,46.546547,6.66,4.57,4154.5455,256.37,6.170832,3898.1755
5491,Mont-la-Ville,VD,2026,478,24.153613,19.79,7.08,6436.3636,717.64,11.149774,5718.7236
5492,Montricher,VD,2026,966,37.125288,26.02,14.14,12854.5455,2035.76,15.836888,10818.7855
5493,Orny,VD,2026,416,74.954955,5.55,5.94,5400.0,641.46,11.878889,4758.54
5495,Penthalaz,VD,2026,3258,841.860465,3.87,22.65,20590.9091,1886.94,9.163947,18703.9691
5496,Penthaz,VD,2026,1760,458.333333,3.84,13.89,12627.2727,1877.22,14.866393,10750.0527
5497,Pompaples,VD,2026,849,191.216216,4.44,7.2,6545.4545,792.59,12.109014,5752.8645
5498,La Sarraz,VD,2026,2646,343.636364,7.7,18.16,16509.0909,2022.9,12.253249,14486.1909
5499,Senarclens,VD,2026,477,120.151134,3.97,6.57,5972.7273,414.95,6.947412,5557.7773
5501,Sullens,VD,2026,1034,264.450128,3.91,9.24,8400.0,1175.33,13.992024,7224.67
5503,Vufflens-la-Ville,VD,2026,1290,239.776952,5.38,16.54,15036.3636,5319.35,35.376572,9717.0136
5511,Assens,VD,2026,1075,201.310861,5.34,21.91,19918.1818,964.64,4.843012,18953.5418
5512,Bercher,VD,2026,1281,300.0,4.27,13.91,12645.4545,2032.63,16.073997,10612.8245
5514,Bottens,VD,2026,1298,188.662791,6.88,13.36,12145.4545,994.77,8.190472,11150.6845
5515,Bretigny-sur-Morrens,VD,2026,864,301.045296,2.87,6.52,5927.2727,1028.71,17.355537,4898.5627
5516,Cugy (VD),VD,2026,2765,950.171821,2.91,19.76,17963.6364,3257.39,18.133244,14706.2464
5518,Echallens,VD,2026,5726,859.75976,6.66,38.35,34863.6364,7904.67,22.673108,26958.9664
5520,Essertines-sur-Yverdon,VD,2026,1031,105.74359,9.75,14.34,13036.3636,2402.73,18.430983,10633.6336
5521,Etagnières,VD,2026,1144,302.645503,3.78,12.82,11654.5455,2032.63,17.440663,9621.9155
5522,Fey,VD,2026,751,102.316076,7.34,7.99,7263.6364,720.65,9.921339,6542.9864
5523,Froideville,VD,2026,2643,373.305085,7.08,16.71,15190.9091,2926.43,19.264351,12264.4791
5527,Morrens (VD),VD,2026,1129,307.629428,3.67,9.21,8372.7273,1008.33,12.043029,7364.3973
5529,Oulens-sous-Echallens,VD,2026,615,104.770017,5.87,8.46,7690.9091,606.45,7.885284,7084.4591
5530,Pailly,VD,2026,562,97.400347,5.77,8.49,7718.1818,1529.66,19.818916,6188.5218
5531,Penthéréaz,VD,2026,421,74.119718,5.68,6.63,6027.2727,720.85,11.959804,5306.4227
5533,Poliez-Pittet,VD,2026,828,165.269461,5.01,8.97,8154.5455,942.03,11.552207,7212.5155
5534,Rueyres,VD,2026,265,132.5,2.0,6.05,5500.0,1726.69,31.394364,3773.31
5535,Saint-Barthélemy (VD),VD,2026,790,191.747573,4.12,8.03,7300.0,1439.11,19.713836,5860.89
5537,Villars-le-Terroir,VD,2026,1227,173.060649,7.09,13.54,12309.0909,1450.15,11.78113,10858.9409
5539,Vuarrens,VD,2026,1054,117.502787,8.97,12.8,11636.3636,2288.7,19.668516,9347.6636
5540,Montilliez,VD,2026,1819,153.372681,11.86,21.33,19390.9091,7.26,0.03744,19383.6491
5541,Goumoëns,VD,2026,1140,106.641721,10.69,13.4,12181.8182,0.0,0.0,12181.8182
5551,Bonvillars,VD,2026,490,65.159574,7.52,7.71,7009.0909,1247.56,17.79917,5761.5309
5552,Bullet,VD,2026,657,39.060642,16.82,10.58,9618.1818,954.42,9.923081,8663.7618
5553,Champagne,VD,2026,1057,269.642857,3.92,10.35,9409.0909,2344.38,24.916116,7064.7109
5554,Concise,VD,2026,1024,90.061566,11.37,9.09,8263.6364,821.36,9.93945,7442.2764
5555,Corcelles-près-Concise,VD,2026,402,99.014778,4.06,4.17,3790.9091,386.76,10.202302,3404.1491
5556,Fiez,VD,2026,445,65.153734,6.83,5.19,4718.1818,597.06,12.654451,4121.1218
5557,Fontaines-sur-Grandson,VD,2026,215,27.35369,7.86,2.85,2590.9091,192.73,7.438702,2398.1791
5559,Giez,VD,2026,413,86.764706,4.76,5.44,4945.4545,819.99,16.58068,4125.4645
5560,Grandevent,VD,2026,221,64.244186,3.44,2.96,2690.9091,387.9,14.415203,2303.0091
5561,Grandson,VD,2026,3341,425.605096,7.85,27.54,25036.3636,4903.98,19.587429,20132.3836
5562,Mauborget,VD,2026,120,21.73913,5.52,2.47,2245.4545,326.66,14.547611,1918.7945
5563,Mutrux,VD,2026,152,47.058824,3.23,2.45,2227.2727,160.19,7.192204,2067.0827
5564,Novalles,VD,2026,100,48.543689,2.06,2.15,1954.5455,66.97,3.426372,1887.5755
5565,Onnens (VD),VD,2026,496,96.498054,5.14,15.9,14454.5455,8822.73,61.037755,5631.8155
5566,Provence,VD,2026,378,11.864407,31.86,10.1,9181.8182,536.83,5.846663,8644.9882
5568,Sainte-Croix,VD,2026,4891,123.916899,39.47,44.77,40700.0,2571.62,6.318477,38128.38
5571,Tévenon,VD,2026,897,62.815126,14.28,9.27,8427.2727,84.6,1.003883,8342.6727
5581,Belmont-sur-Lausanne,VD,2026,3774,1424.150943,2.65,18.04,16400.0,2430.62,14.820854,13969.38
5582,Cheseaux-sur-Lausanne,VD,2026,4335,946.50655,4.58,30.25,27500.0,6511.29,23.677418,20988.71
5583,Crissier,VD,2026,7965,1448.181818,5.5,78.16,71054.5455,12335.52,17.360635,58719.0255
5584,Epalinges,VD,2026,9695,2116.812227,4.58,45.48,41345.4545,7021.13,16.981625,34324.3245
5585,Jouxtens-Mézery,VD,2026,1423,737.305699,1.93,11.6,10545.4545,1631.7,15.473017,8913.7545
5586,Lausanne,VD,2026,139408,3368.970517,41.38,424.91,386281.8182,26708.35,6.914214,359573.4682
5587,Le Mont-sur-Lausanne,VD,2026,8992,917.55102,9.8,77.34,70309.0909,11309.93,16.086014,58999.1609
5588,Paudex,VD,2026,1529,3120.408163,0.49,7.02,6381.8182,367.29,5.755256,6014.5282
5589,Prilly,VD,2026,12413,5642.272727,2.2,42.79,38900.0,4717.65,12.127635,34182.35
5590,Pully,VD,2026,18458,3149.829352,5.86,70.07,63700.0,3596.12,5.6454,60103.88
5591,Renens (VD),VD,2026,20886,7080.0,2.95,78.15,71045.4545,8491.98,11.952883,62553.4745
5592,Romanel-sur-Lausanne,VD,2026,3289,1142.013889,2.88,26.51,24100.0,4737.58,19.658008,19362.42
5601,Chexbres,VD,2026,2234,1039.069767,2.15,11.89,10809.0909,1114.93,10.314743,9694.1609
5604,Forel (Lavaux),VD,2026,2064,111.507293,18.51,30.69,27900.0,2511.41,9.00147,25388.59
5606,Lutry,VD,2026,10348,1223.167849,8.46,59.06,53690.9091,2643.29,4.923161,51047.6191
5607,Puidoux,VD,2026,2869,125.503062,22.86,41.67,37881.8182,5513.74,14.555109,32368.0782
5609,Rivaz,VD,2026,342,1103.225806,0.31,2.17,1972.7273,27.23,1.380323,1945.4973
5610,Saint-Saphorin (Lavaux),VD,2026,380,426.966292,0.89,2.71,2463.6364,49.53,2.010443,2414.1064
5611,Savigny,VD,2026,3352,209.369144,16.01,35.87,32609.0909,3743.96,11.481338,28865.1309
5613,Bourg-en-Lavaux,VD,2026,5343,553.678756,9.65,38.76,35236.3636,1849.44,5.248669,33386.9236
5621,Aclens,VD,2026,539,138.205128,3.9,17.91,16281.8182,2016.35,12.384059,14265.4682
5622,Bremblens,VD,2026,577,198.281787,2.91,7.24,6581.8182,688.58,10.461851,5893.2382
5623,Buchillon,VD,2026,685,326.190476,2.1,6.45,5863.6364,760.97,12.977783,5102.6664
5624,Bussigny,VD,2026,8930,1856.548857,4.81,62.67,56972.7273,10705.71,18.790938,46267.0173
5627,Chavannes-près-Renens,VD,2026,7851,4758.181818,1.65,20.91,19009.0909,3732.58,19.635763,15276.5109
5628,Chigny,VD,2026,382,429.213483,0.89,2.56,2327.2727,259.86,11.165859,2067.4127
5629,Clarmont,VD,2026,191,187.254902,1.02,2.55,2318.1818,1083.76,46.750431,1234.4218
5631,Denens,VD,2026,740,224.242424,3.3,7.42,6745.4545,1322.78,19.609946,5422.6745
5632,Denges,VD,2026,1608,968.674699,1.66,14.4,13090.9091,2818.11,21.527229,10272.7991
5633,Echandens,VD,2026,2733,704.381443,3.88,21.83,19845.4545,3231.5,16.283326,16613.9545
5634,Echichens,VD,2026,3071,231.424265,13.27,26.08,23709.0909,1229.04,5.183834,22480.0509
5635,Ecublens (VD),VD,2026,13079,2286.538462,5.72,99.2,90181.8182,13446.35,14.910267,76735.4682
5636,Etoy,VD,2026,2932,595.934959,4.92,41.37,37609.0909,6256.62,16.635925,31352.4709
5637,Lavigny,VD,2026,986,246.5,4.0,12.05,10954.5455,1856.08,16.943469,9098.4655
5638,Lonay,VD,2026,2669,717.473118,3.72,31.68,28800.0,2596.32,9.015,26203.68
5639,Lully (VD),VD,2026,818,399.02439,2.05,6.75,6136.3636,1094.17,17.830919,5042.1936
5640,Lussy-sur-Morges,VD,2026,694,296.581197,2.34,5.63,5118.1818,885.21,17.2954,4232.9718
5642,Morges,VD,2026,15844,4136.814621,3.83,63.75,57954.5455,6987.25,12.056431,50967.2955
5643,Préverenges,VD,2026,5239,2801.604278,1.87,24.9,22636.3636,3651.5,16.131124,18984.8636
5645,Romanel-sur-Morges,VD,2026,463,263.068182,1.76,8.06,7327.2727,1236.08,16.869578,6091.1927
5646,Saint-Prex,VD,2026,5766,1040.794224,5.54,41.83,38027.2727,3153.35,8.292338,34873.9227
5648,Saint-Sulpice (VD),VD,2026,4704,2529.032258,1.86,24.25,22045.4545,2805.62,12.726524,19239.8345
5649,Tolochenaz,VD,2026,1908,1200.0,1.59,22.32,20290.9091,3272.09,16.125892,17018.8191
5650,Vaux-sur-Morges,VD,2026,196,93.333333,2.1,3.54,3218.1818,708.65,22.020198,2509.5318
5651,Villars-Sainte-Croix,VD,2026,970,587.878788,1.65,16.51,15009.0909,2001.68,13.336451,13007.4109
5652,Villars-sous-Yens,VD,2026,603,198.355263,3.04,5.62,5109.0909,553.81,10.839698,4555.2809
5653,Vufflens-le-Château,VD,2026,883,412.616822,2.14,6.95,6318.1818,912.28,14.438964,5405.9018
5654,Vullierens,VD,2026,514,75.146199,6.84,8.62,7836.3636,481.17,6.14022,7355.1936
5655,Yens,VD,2026,1473,154.88959,9.51,17.32,15745.4545,2340.03,14.861622,13405.4245
5656,Hautemorges,VD,2026,,,,49.28,44800.0,8.7,0.01942,44791.3
5661,Boulens,VD,2026,365,106.725146,3.42,5.35,4863.6364,293.42,6.032935,4570.2164
5663,Bussy-sur-Moudon,VD,2026,218,69.871795,3.12,3.34,3036.3636,357.84,11.78515,2678.5236
5665,Chavannes-sur-Moudon,VD,2026,210,40.776699,5.15,5.2,4727.2727,614.99,13.009404,4112.2827
5669,Curtilles,VD,2026,310,62.5,4.96,5.33,4845.4545,549.49,11.340319,4295.9645
5671,Dompierre (VD),VD,2026,233,72.58567,3.21,5.51,5009.0909,828.67,16.543321,4180.4209
5673,Hermenches,VD,2026,366,76.72956,4.77,5.6,5090.9091,562.48,11.048714,4528.4291
5674,Lovatens,VD,2026,136,39.193084,3.47,3.19,2900.0,97.11,3.348621,2802.89
5675,Lucens,VD,2026,4199,217.903477,19.27,45.41,41281.8182,3638.83,8.814607,37642.9882
5678,Moudon,VD,2026,6067,387.667732,15.65,58.01,52736.3636,9315.48,17.664244,43420.8836
5680,Ogens,VD,2026,295,86.764706,3.4,4.88,4436.3636,375.13,8.455799,4061.2336
5683,Prévonloup,VD,2026,194,105.434783,1.84,2.62,2381.8182,450.45,18.912023,1931.3682
5684,Rossenges,VD,2026,84,77.777778,1.08,1.33,1209.0909,29.94,2.476241,1179.1509
5688,Syens,VD,2026,155,61.507937,2.52,2.93,2663.6364,179.76,6.748669,2483.8764
5690,Villars-le-Comte,VD,2026,122,29.047619,4.2,3.53,3209.0909,164.17,5.115779,3044.9209
5692,Vucherens,VD,2026,577,175.914634,3.28,7.9,7181.8182,1091.46,15.197544,6090.3582
5693,Montanaire,VD,2026,2719,81.164179,33.5,47.33,43027.2727,0.0,0.0,43027.2727
5701,Arnex-sur-Nyon,VD,2026,230,112.745098,2.04,2.31,2100.0,334.68,15.937143,1765.32
5702,Arzier-Le Muids,VD,2026,2807,54.084778,51.9,22.82,20745.4545,2294.17,11.058663,18451.2845
5703,Bassins,VD,2026,1386,66.730862,20.77,13.3,12090.9091,1386.88,11.470436,10704.0291
5704,Begnins,VD,2026,1931,403.131524,4.79,13.98,12709.0909,866.6,6.818741,11842.4909
5705,Bogis-Bossey,VD,2026,843,344.081633,2.45,6.77,6154.5455,821.53,13.348346,5333.0155
5706,Borex,VD,2026,1128,566.834171,1.99,9.94,9036.3636,1080.82,11.960785,7955.5436
5707,Chavannes-de-Bogis,VD,2026,1366,477.622378,2.86,15.53,14118.1818,1759.72,12.464211,12358.4618
5708,Chavannes-des-Bois,VD,2026,966,455.660377,2.12,5.54,5036.3636,448.33,8.901859,4588.0336
5709,Chéserex,VD,2026,1238,117.013233,10.58,10.67,9700.0,1317.47,13.582165,8382.53
5710,Coinsins,VD,2026,493,169.415808,2.91,6.73,6118.1818,572.45,9.356538,5545.7318
5711,Commugny,VD,2026,2930,448.698315,6.53,22.88,20800.0,2456.56,11.810385,18343.44
5712,Coppet,VD,2026,3239,1732.085561,1.87,21.27,19336.3636,1916.75,9.91267,17419.6136
5713,Crans (VD),VD,2026,2286,530.394432,4.31,18.62,16927.2727,271.24,1.602385,16656.0327
5714,Crassier,VD,2026,1174,578.325123,2.03,9.15,8318.1818,737.21,8.862634,7580.9718
5715,Duillier,VD,2026,1089,264.963504,4.11,10.69,9718.1818,1098.22,11.300674,8619.9618
5716,Eysins,VD,2026,1735,728.991597,2.38,12.24,11127.2727,1225.19,11.010694,9902.0827
5717,Founex,VD,2026,3776,788.308977,4.79,30.08,27345.4545,2785.43,10.18608,24560.0245
5718,Genolier,VD,2026,1997,410.90535,4.86,18.5,16818.1818,2311.9,13.746432,14506.2818
5719,Gingins,VD,2026,1237,98.487261,12.56,12.46,11327.2727,1379.13,12.175305,9948.1427
5720,Givrins,VD,2026,1024,258.585859,3.96,10.37,9427.2727,1489.5,15.799904,7937.7727
5721,Gland,VD,2026,13181,1584.254808,8.32,66.16,60145.4545,9345.51,15.538182,50799.9445
5722,Grens,VD,2026,382,149.803922,2.55,4.18,3800.0,383.24,10.085263,3416.76
5723,Mies,VD,2026,2118,613.913043,3.45,16.55,15045.4545,1307.46,8.690066,13737.9945
5724,Nyon,VD,2026,21452,3154.705882,6.8,86.45,78590.9091,10471.37,13.323895,68119.5391
5725,Prangins,VD,2026,4085,672.981878,6.07,27.56,25054.5455,1904.37,7.600896,23150.1755
5726,La Rippe,VD,2026,1140,68.716094,16.59,10.84,9854.5455,1125.03,11.416356,8729.5155
5727,Saint-Cergue,VD,2026,2589,106.630972,24.28,16.98,15436.3636,1432.31,9.278804,14004.0536
5728,Signy-Avenex,VD,2026,594,306.185567,1.94,6.3,5727.2727,6.0,0.104762,5721.2727
5729,Tannay,VD,2026,1594,880.662983,1.81,12.17,11063.6364,1277.73,11.548915,9785.9064
5730,Trélex,VD,2026,1434,248.526863,5.77,13.07,11881.8182,1920.62,16.164361,9961.1982
5731,Le Vaud,VD,2026,1357,436.334405,3.11,11.76,10690.9091,1205.29,11.273971,9485.6191
5732,Vich,VD,2026,1083,698.709677,1.55,9.25,8409.0909,1171.46,13.930876,7237.6309
5741,L'Abergement,VD,2026,242,41.7962,5.79,3.61,3281.8182,259.25,7.899584,3022.5682
5742,Agiez,VD,2026,355,65.018315,5.46,4.57,4154.5455,765.04,18.41453,3389.5055
5743,Arnex-sur-Orbe,VD,2026,632,82.939633,7.62,7.82,7109.0909,668.04,9.396982,6441.0509
5744,Ballaigues,VD,2026,1108,122.295806,9.06,13.07,11881.8182,1346.65,11.333703,10535.1682
5745,Baulmes,VD,2026,1042,46.311111,22.5,11.73,10663.6364,2137.61,20.045789,8526.0264
5746,Bavois,VD,2026,951,101.71123,9.35,10.11,9190.9091,1221.79,13.293462,7969.1191
5747,Bofflens,VD,2026,194,46.08076,4.21,4.11,3736.3636,252.16,6.748808,3484.2036
5748,Bretonnières,VD,2026,270,49.541284,5.45,4.59,4172.7273,175.84,4.214031,3996.8873
5749,Chavornay,VD,2026,5130,265.940902,19.29,49.35,44863.6364,6551.27,14.602628,38312.3664
5750,Les Clées,VD,2026,185,26.278409,7.04,2.08,1890.9091,76.85,4.064183,1814.0591
5752,Croy,VD,2026,402,89.732143,4.48,3.69,3354.5455,435.49,12.982087,2919.0555
5754,Juriens,VD,2026,328,35.080214,9.35,5.02,4563.6364,246.91,5.410378,4316.7264
5755,Lignerolle,VD,2026,436,40.977444,10.64,6.86,6236.3636,910.53,14.600335,5325.8336
5756,Montcherand,VD,2026,505,164.495114,3.07,5.24,4763.6364,470.9,9.885305,4292.7364
5757,Orbe,VD,2026,7018,582.406639,12.05,57.5,52272.7273,10346.08,19.792501,41926.6473
5758,La Praz,VD,2026,165,32.226562,5.12,3.27,2972.7273,174.7,5.876758,2798.0273
5759,Premier,VD,2026,215,35.130719,6.12,3.58,3254.5455,187.47,5.760251,3067.0755
5760,Rances,VD,2026,504,51.271617,9.83,6.94,6309.0909,779.33,12.352493,5529.7609
5761,Romainmôtier-Envy,VD,2026,533,76.361032,6.98,6.02,5472.7273,3.2,0.058472,5469.5273
5762,Sergey,VD,2026,145,99.315068,1.46,2.16,1963.6364,158.73,8.083472,1804.9064
5763,Valeyres-sous-Rances,VD,2026,619,97.634069,6.34,7.41,6736.3636,692.65,10.282254,6043.7136
5764,Vallorbe,VD,2026,3835,165.373006,23.19,29.98,27254.5455,3270.66,12.00042,23983.8855
5765,Vaulion,VD,2026,497,37.794677,13.15,8.05,7318.1818,605.46,8.273366,6712.7218
5766,Vuiteboeuf,VD,2026,578,114.229249,5.06,6.73,6118.1818,753.98,12.323596,5364.2018
5785,Corcelles-le-Jorat,VD,2026,457,57.556675,7.94,9.83,8936.3636,336.48,3.76529,8599.8836
5790,Maracon,VD,2026,538,122.83105,4.38,6.76,6145.4545,1045.28,17.008994,5100.1745
5792,Montpreveyres,VD,2026,657,159.466019,4.12,5.66,5145.4545,627.05,12.186484,4518.4045
5798,Ropraz,VD,2026,488,101.455302,4.81,7.6,6909.0909,756.51,10.949487,6152.5809
5799,Servion,VD,2026,1996,315.822785,6.32,20.27,18427.2727,1982.74,10.759813,16444.5327
5803,Vulliens,VD,2026,614,92.609351,6.63,8.77,7972.7273,824.59,10.342634,7148.1373
5804,Jorat-Menthue,VD,2026,1591,90.141643,17.65,22.08,20072.7273,0.0,0.0,20072.7273
5805,Oron,VD,2026,5661,229.935012,24.62,68.59,62354.5455,3.48,0.005581,62351.0655
5806,Jorat-Mézières,VD,2026,2951,266.33574,11.08,32.76,29781.8182,36.48,0.122491,29745.3382
5812,Champtauroz,VD,2026,130,42.622951,3.05,2.9,2636.3636,155.5,5.898276,2480.8636
5813,Chevroux,VD,2026,493,145.0,3.4,8.33,7572.7273,1308.56,17.279904,6264.1673
5816,Corcelles-près-Payerne,VD,2026,2564,211.551155,12.12,34.72,31563.6364,3853.74,12.20943,27709.8964
5817,Grandcour,VD,2026,952,93.333333,10.2,16.15,14681.8182,1285.61,8.756477,13396.2082
5819,Henniez,VD,2026,373,142.911877,2.61,10.04,9127.2727,718.05,7.867082,8409.2227
5821,Missy,VD,2026,360,115.755627,3.11,6.89,6263.6364,1212.59,19.359202,5051.0464
5822,Payerne,VD,2026,10040,415.219189,24.18,95.15,86500.0,19726.24,22.804902,66773.76
5827,Trey,VD,2026,285,75.197889,3.79,8.38,7618.1818,1091.11,14.322446,6527.0718
5828,Treytorrens (Payerne),VD,2026,111,36.156352,3.07,3.14,2854.5455,205.55,7.200796,2648.9955
5830,Villarzel,VD,2026,451,58.877285,7.66,8.35,7590.9091,235.46,3.101868,7355.4491
5831,Valbroye,VD,2026,3295,98.211624,33.55,53.54,48672.7273,68.36,0.140448,48604.3673
5841,Château-d'Oex,VD,2026,3456,30.406475,113.66,66.84,60763.6364,2348.12,3.864351,58415.5164
5842,Rossinière,VD,2026,543,23.244863,23.36,9.56,8690.9091,1326.25,15.260199,7364.6591
5843,Rougemont,VD,2026,858,17.676143,48.54,30.19,27445.4545,775.53,2.825714,26669.9245
5851,Allaman,VD,2026,451,173.461538,2.6,11.75,10681.8182,3216.38,30.110791,7465.4382
5852,Bursinel,VD,2026,473,265.730337,1.78,4.6,4181.8182,184.25,4.405978,3997.5682
5853,Bursins,VD,2026,783,232.344214,3.37,9.01,8190.9091,606.33,7.402475,7584.5791
5854,Burtigny,VD,2026,387,68.133803,5.68,5.73,5209.0909,822.26,15.785096,4386.8309
5855,Dully,VD,2026,639,387.272727,1.65,5.41,4918.1818,418.54,8.510055,4499.6418
5856,Essertines-sur-Rolle,VD,2026,725,104.316547,6.95,9.06,8236.3636,652.93,7.927406,7583.4336
5857,Gilly,VD,2026,1369,176.417526,7.76,12.92,11745.4545,831.97,7.083336,10913.4845
5858,Luins,VD,2026,622,232.958801,2.67,6.18,5618.1818,361.81,6.439984,5256.3718
5859,Mont-sur-Rolle,VD,2026,2686,695.854922,3.86,15.67,14245.4545,1320.92,9.272572,12924.5345
5860,Perroy,VD,2026,1496,514.089347,2.91,13.89,12627.2727,1768.68,14.006825,10858.5927
5861,Rolle,VD,2026,6249,2280.656934,2.74,36.61,33281.8182,3468.45,10.421456,29813.3682
5862,Tartegnin,VD,2026,230,211.009174,1.09,1.81,1645.4545,204.46,12.425746,1440.9945
5863,Vinzel,VD,2026,355,322.727273,1.1,3.35,3045.4545,798.95,26.234179,2246.5045
5871,L'Abbaye,VD,2026,1478,46.361355,31.88,16.97,15427.2727,295.51,1.915504,15131.7627
5872,Le Chenit,VD,2026,4642,46.799072,99.19,49.48,44981.8182,25.96,0.057712,44955.8582
5873,Le Lieu,VD,2026,900,27.658267,32.54,13.27,12063.6364,874.56,7.249555,11189.0764
5882,Chardonne,VD,2026,3026,292.649903,10.34,24.97,22700.0,1304.34,5.745991,21395.66
5883,Corseaux,VD,2026,2285,2135.514019,1.07,14.29,12990.9091,1124.79,8.658286,11866.1191
5884,Corsier-sur-Vevey,VD,2026,3362,498.813056,6.74,21.34,19400.0,927.1,4.778866,18472.9
5885,Jongny,VD,2026,1543,714.351852,2.16,10.68,9709.0909,1191.86,12.275712,8517.2309
5886,Montreux,VD,2026,25984,777.731218,33.41,97.27,88427.2727,847.54,0.95846,87579.7327
5889,La Tour-de-Peilz,VD,2026,11884,3645.398773,3.26,43.53,39572.7273,4974.05,12.569389,34598.6773
5890,Vevey,VD,2026,19824,8260.0,2.4,56.01,50918.1818,3327.08,6.534169,47591.1018
5891,Veytaux,VD,2026,920,135.893648,6.77,3.43,3118.1818,232.9,7.469096,2885.2818
5892,Blonay - Saint-Légier,VD,2026,,,,82.88,75345.4545,10545.82,13.996624,64799.6345
5902,Belmont-sur-Yverdon,VD,2026,374,57.894737,6.46,6.35,5772.7273,338.4,5.862047,5434.3273
5903,Bioley-Magnoux,VD,2026,229,53.379953,4.29,4.57,4154.5455,549.16,13.218293,3605.3855
5904,Chamblon,VD,2026,539,188.461538,2.86,6.61,6009.0909,450.94,7.504297,5558.1509
5905,Champvent,VD,2026,691,76.522702,9.03,12.27,11154.5455,1088.65,9.759698,10065.8955
5907,Chavannes-le-Chêne,VD,2026,311,77.75,4.0,4.89,4445.4545,386.13,8.685951,4059.3245
5908,Chêne-Pâquier,VD,2026,152,72.037915,2.11,2.47,2245.4545,198.93,8.859231,2046.5245
5909,Cheseaux-Noréaz,VD,2026,725,122.881356,5.9,7.84,7127.2727,1686.24,23.65898,5441.0327
5910,Cronay,VD,2026,394,59.969559,6.57,6.91,6281.8182,1579.07,25.137149,4702.7482
5911,Cuarny,VD,2026,239,52.412281,4.56,4.11,3736.3636,166.95,4.468248,3569.4136
5912,Démoret,VD,2026,157,36.682243,4.28,4.51,4100.0,812.53,19.817805,3287.47
5913,Donneloye,VD,2026,824,91.45394,9.01,12.25,11136.3636,662.78,5.951494,10473.5836
5914,Ependes (VD),VD,2026,356,74.012474,4.81,9.38,8527.2727,411.36,4.824051,8115.9127
5919,Mathod,VD,2026,601,91.198786,6.59,26.18,23800.0,1776.68,7.465042,22023.32
5921,Molondin,VD,2026,239,43.533698,5.49,4.58,4163.6364,224.78,5.398646,3938.8564
5922,Montagny-près-Yverdon,VD,2026,747,212.215909,3.52,31.47,28609.0909,2426.35,8.481045,26182.7409
5923,Oppens,VD,2026,203,56.388889,3.6,5.19,4718.1818,564.45,11.963295,4153.7318
5924,Orges,VD,2026,332,82.587065,4.02,5.14,4672.7273,615.54,13.173035,4057.1873
5925,Orzens,VD,2026,208,49.52381,4.2,4.5,4090.9091,966.94,23.636311,3123.9691
5926,Pomy,VD,2026,793,140.852576,5.63,12.33,11209.0909,2150.88,19.18871,9058.2109
5928,Rovray,VD,2026,185,57.8125,3.2,4.73,4300.0,2094.64,48.712558,2205.36
5929,Suchy,VD,2026,645,97.138554,6.64,8.35,7590.9091,955.21,12.583605,6635.6991
5930,Suscévaz,VD,2026,215,51.682692,4.16,3.19,2900.0,259.16,8.936552,2640.84
5931,Treycovagnes,VD,2026,491,236.057692,2.08,4.38,3981.8182,393.59,9.88468,3588.2282
5932,Ursins,VD,2026,225,66.964286,3.36,3.41,3100.0,411.76,13.282581,2688.24
5933,Valeyres-sous-Montagny,VD,2026,709,310.964912,2.28,5.79,5263.6364,812.47,15.435527,4451.1664
5934,Valeyres-sous-Ursins,VD,2026,227,79.094077,2.87,3.9,3545.4545,214.0,6.035897,3331.4545
5935,Villars-Epeney,VD,2026,101,117.441861,0.86,1.07,972.7273,87.59,9.004579,885.1373
5937,Vugelles-La Mothe,VD,2026,135,43.973941,3.07,1.99,1809.0909,69.51,3.842261,1739.5809
5938,Yverdon-les-Bains,VD,2026,30156,2227.17873,13.54,162.05,147318.1818,18736.12,12.718131,128582.0618
5939,Yvonand,VD,2026,3432,256.119403,13.4,30.5,27727.2727,6748.72,24.339646,20978.5527
6002,Brig-Glis,VS,2026,13079,347.199363,37.67,99.57,90518.1818,5964.91,6.589737,84553.2718
6004,Eggerberg,VS,2026,338,55.960265,6.04,6.44,5854.5455,410.47,7.011134,5444.0755
6007,Naters,VS,2026,10175,69.114251,147.22,81.43,74027.2727,5311.34,7.174842,68715.9327
6008,Ried-Brig,VS,2026,2111,44.376708,47.57,22.24,20218.1818,2334.9,11.548516,17883.2818
6009,Simplon,VS,2026,300,3.296341,91.01,8.98,8163.6364,0.0,0.0,8163.6364
6010,Termen,VS,2026,971,52.064343,18.65,15.02,13654.5455,1945.36,14.246977,11709.1855
6011,Zwischbergen,VS,2026,74,0.860165,86.03,1.45,1318.1818,0.0,0.0,1318.1818
6021,Ardon,VS,2026,3293,161.500736,20.39,32.4,29454.5455,4452.24,15.11563,25002.3055
6022,Chamoson,VS,2026,3915,120.572836,32.47,43.43,39481.8182,1831.08,4.63778,37650.7382
6023,Conthey,VS,2026,8837,104.038145,84.94,111.31,101190.9091,9996.78,9.879129,91194.1291
6024,Nendaz,VS,2026,6737,78.373662,85.96,102.63,93300.0,1651.12,1.769689,91648.88
6025,Vétroz,VS,2026,6398,612.835249,10.44,60.12,54654.5455,11267.78,20.616364,43386.7655
6032,Bourg-Saint-Pierre,VS,2026,200,2.226924,89.81,7.86,7145.4545,572.83,8.016705,6572.6245
6033,Liddes,VS,2026,711,12.124829,58.64,13.91,12645.4545,668.79,5.288778,11976.6645
6034,Orsières,VS,2026,3172,19.232402,164.93,44.23,40209.0909,2707.33,6.733129,37501.7609
6035,Sembrancher,VS,2026,1031,58.31448,17.68,14.36,13054.5455,1680.0,12.869081,11374.5455
6037,Val de Bagnes,VS,2026,10185,33.737454,301.89,167.06,151872.7273,0.0,0.0,151872.7273
6052,Bellwald,VS,2026,375,26.862464,13.96,15.38,13981.8182,669.69,4.78972,13312.1282
6054,Binn,VS,2026,134,2.058688,65.09,5.03,4572.7273,16.52,0.361272,4556.2073
6056,Ernen,VS,2026,492,13.910093,35.37,12.52,11381.8182,352.87,3.100296,11028.9482
6057,Fiesch,VS,2026,891,80.706522,11.04,17.48,15890.9091,1304.13,8.206768,14586.7791
6058,Fieschertal,VS,2026,320,1.851209,172.86,6.22,5654.5455,335.82,5.938939,5318.7255
6061,Lax,VS,2026,315,58.118081,5.42,6.42,5836.3636,522.99,8.960888,5313.3736
6076,Obergoms,VS,2026,656,4.208095,155.89,23.56,21418.1818,0.0,0.0,21418.1818
6077,Goms,VS,2026,1184,9.185415,128.9,37.74,34309.0909,0.0,0.0,34309.0909
6082,Ayent,VS,2026,4094,74.24737,55.14,57.89,52627.2727,542.25,1.030359,52085.0227
6083,Evolène,VS,2026,1669,7.954058,209.83,34.67,31518.1818,240.15,0.761941,31278.0318
6084,Hérémence,VS,2026,1421,13.223525,107.46,23.69,21536.3636,1044.78,4.851237,20491.5836
6087,Saint-Martin (VS),VS,2026,838,22.648649,37.0,15.15,13772.7273,331.39,2.406132,13441.3373
6089,Vex,VS,2026,1805,138.314176,13.05,28.99,26354.5455,1053.52,3.997489,25301.0255
6090,Mont-Noble,VS,2026,1110,25.302029,43.87,24.68,22436.3636,6.6,0.029417,22429.7636
6101,Agarn,VS,2026,723,94.509804,7.65,8.9,8090.9091,395.5,4.888202,7695.4091
6102,Albinen,VS,2026,240,15.424165,15.56,8.75,7954.5455,99.5,1.250857,7855.0455
6104,Ergisch,VS,2026,179,6.061632,29.53,5.1,4636.3636,206.06,4.444431,4430.3036
6109,Inden,VS,2026,108,11.088296,9.74,2.33,2118.1818,77.16,3.642747,2041.0218
6110,Leuk,VS,2026,3932,71.296464,55.15,53.93,49027.2727,127.64,0.260345,48899.6327
6111,Leukerbad,VS,2026,1319,19.592989,67.32,22.73,20663.6364,177.46,0.858803,20486.1764
6112,Oberems,VS,2026,125,2.487067,50.26,6.4,5818.1818,222.21,3.819234,5595.9718
6113,Salgesch,VS,2026,1540,135.56338,11.36,20.74,18854.5455,4712.64,24.994716,14141.9055
6116,Varen,VS,2026,658,51.36612,12.81,8.54,7763.6364,551.24,7.100281,7212.3964
6117,Guttet-Feschel,VS,2026,408,39.117929,10.43,8.59,7809.0909,707.66,9.062002,7101.4309
6118,Gampel-Bratsch,VS,2026,1956,84.895833,23.04,25.15,22863.6364,26.93,0.117785,22836.7064
6119,Turtmann-Unterems,VS,2026,1100,25.931165,42.42,21.41,19463.6364,0.0,0.0,19463.6364
6131,Bovernier,VS,2026,915,70.007651,13.07,6.11,5554.5455,135.79,2.444664,5418.7555
6133,Fully,VS,2026,8731,230.978836,37.8,86.6,78727.2727,8838.92,11.227266,69888.3527
6134,Isérables,VS,2026,832,54.557377,15.25,9.08,8254.5455,288.39,3.493711,7966.1555
6135,Leytron,VS,2026,3222,120.089452,26.83,43.9,39909.0909,3699.5,9.269818,36209.5909
6136,Martigny,VS,2026,20210,620.128874,32.59,161.27,146609.0909,22033.44,15.0287,124575.6509
6137,Martigny-Combe,VS,2026,2292,61.267041,37.41,18.59,16900.0,12.0,0.071006,16888.0
6139,Riddes,VS,2026,3159,132.175732,23.9,43.99,39990.9091,3962.04,9.907352,36028.8691
6140,Saillon,VS,2026,2687,195.560408,13.74,35.47,32245.4545,2528.62,7.841787,29716.8345
6141,Saxon,VS,2026,6086,262.101636,23.22,59.69,54263.6364,10577.53,19.492851,43686.1064
6142,Trient,VS,2026,165,4.17088,39.56,3.69,3354.5455,117.34,3.49794,3237.2055
6151,Champéry,VS,2026,1338,34.440154,38.85,23.41,21281.8182,810.29,3.807428,20471.5282
6152,Collombey-Muraz,VS,2026,9467,318.218487,29.75,79.65,72409.0909,12404.57,17.131233,60004.5209
6153,Monthey,VS,2026,17894,623.484321,28.7,105.96,96327.2727,8841.9,9.17902,87485.3727
6154,Port-Valais,VS,2026,4201,292.752613,14.35,27.53,25027.2727,2342.01,9.357831,22685.2627
6155,Saint-Gingolph,VS,2026,967,66.920415,14.45,4.9,4454.5455,331.8,7.448571,4122.7455
6156,Troistorrents,VS,2026,4748,128.463203,36.96,54.09,49172.7273,4526.96,9.206241,44645.7673
6157,Val-d'Illiez,VS,2026,2025,51.579215,39.26,27.68,25163.6364,1207.27,4.797677,23956.3664
6158,Vionnaz,VS,2026,2732,130.405728,20.95,22.37,20336.3636,2135.1,10.498927,18201.2636
6159,Vouvry,VS,2026,4257,127.036705,33.51,37.92,34472.7273,3035.44,8.805338,31437.2873
6172,Bister,VS,2026,33,5.679862,5.81,1.15,1045.4545,49.82,4.765391,995.6345
6173,Bitsch,VS,2026,1002,173.056995,5.79,10.26,9327.2727,3137.87,33.641881,6189.4027
6177,Grengiols,VS,2026,425,7.262474,58.52,10.36,9418.1818,366.2,3.888224,9051.9818
6181,Riederalp,VS,2026,441,23.1011,19.09,19.09,17354.5455,71.48,0.411881,17283.0655
6191,Ausserberg,VS,2026,633,42.171885,15.01,10.82,9836.3636,694.2,7.057486,9142.1636
6192,Blatten,VS,2026,292,3.226163,90.51,8.21,7463.6364,12.98,0.17391,7450.6564
6193,Bürchen,VS,2026,744,55.357143,13.44,19.71,17918.1818,1721.84,9.609457,16196.3418
6194,Eischoll,VS,2026,446,31.653655,14.09,10.42,9472.7273,789.9,8.338676,8682.8273
6195,Ferden,VS,2026,250,8.954155,27.92,4.63,4209.0909,99.38,2.36108,4109.7109
6197,Kippel,VS,2026,318,27.226027,11.68,4.87,4427.2727,278.61,6.293039,4148.6627
6198,Niedergesteln,VS,2026,731,41.463415,17.63,10.29,9354.5455,1702.86,18.203557,7651.6855
6199,Raron,VS,2026,1945,64.085667,30.35,28.11,25554.5455,5781.35,22.623568,19773.1955
6201,Unterbäch,VS,2026,437,19.782707,22.09,10.29,9354.5455,928.73,9.928115,8425.8155
6202,Wiler (Lötschen),VS,2026,555,37.348587,14.86,12.65,11500.0,232.05,2.017826,11267.95
6203,Mörel-Filet,VS,2026,695,81.28655,8.55,10.24,9309.0909,99.94,1.073574,9209.1509
6204,Steg-Hohtenn,VS,2026,1603,114.255167,14.03,30.05,27318.1818,67.36,0.246576,27250.8218
6205,Bettmeralp,VS,2026,450,15.630427,28.79,19.38,17618.1818,73.28,0.415934,17544.9018
6211,Collonges,VS,2026,826,67.649468,12.21,6.53,5936.3636,737.85,12.429326,5198.5136
6212,Dorénaz,VS,2026,1007,80.047695,12.58,9.59,8718.1818,1032.94,11.848113,7685.2418
6213,Evionnaz,VS,2026,1305,27.142263,48.08,15.02,13654.5455,3982.52,29.166258,9672.0255
6214,Finhaut,VS,2026,372,16.30149,22.82,6.99,6354.5455,89.42,1.407182,6265.1255
6215,Massongex,VS,2026,1818,274.208145,6.63,13.02,11836.3636,3924.63,33.157396,7911.7336
6217,Saint-Maurice,VS,2026,4556,305.36193,14.92,30.59,27809.0909,4493.72,16.159176,23315.3709
6218,Salvan,VS,2026,1416,26.487093,53.46,16.43,14936.3636,610.76,4.089081,14325.6036
6219,Vernayaz,VS,2026,1874,335.241503,5.59,14.91,13554.5455,1953.39,14.411328,11601.1555
6220,Vérossaz,VS,2026,774,54.163751,14.29,6.66,6054.5455,906.34,14.96958,5148.2055
6232,Chalais,VS,2026,3542,145.521775,24.34,43.02,39109.0909,3378.94,8.639781,35730.1509
6235,Chippis,VS,2026,1588,806.091371,1.97,13.5,12272.7273,754.09,6.144437,11518.6373
6238,Grône,VS,2026,2447,120.541872,20.3,25.2,22909.0909,3390.07,14.797925,19519.0209
6239,Icogne,VS,2026,593,23.8824,24.83,10.74,9763.6364,706.04,7.231322,9057.5964
6240,Lens,VS,2026,4226,302.288984,13.98,60.81,55281.8182,1738.91,3.145537,53542.9082
6246,Saint-Léonard,VS,2026,2428,624.164524,3.89,19.7,17909.0909,2050.59,11.449995,15858.5009
6248,Sierre,VS,2026,16842,880.397282,19.13,156.76,142509.0909,15036.63,10.551348,127472.4609
6252,Anniviers,VS,2026,2717,11.164071,243.37,63.81,58009.0909,0.0,0.0,58009.0909
6253,Crans-Montana,VS,2026,10365,173.763621,59.65,136.77,124336.3636,2115.68,1.701578,122220.6836
6254,Noble-Contrée,VS,2026,4512,694.153846,6.5,39.49,35900.0,17.0,0.047354,35883.0
6261,Arbaz,VS,2026,1302,67.706708,19.23,21.22,19290.9091,2251.07,11.669072,17039.8391
6263,Grimisuat,VS,2026,3509,788.539326,4.45,33.05,30045.4545,4161.71,13.85138,25883.7445
6265,Savièse,VS,2026,7814,110.087349,70.98,91.12,82836.3636,4787.61,5.779599,78048.7536
6266,Sion,VS,2026,34710,995.411529,34.87,262.96,239054.5455,26294.61,10.999419,212759.9355
6267,Veysonnaz,VS,2026,590,517.54386,1.14,8.25,7500.0,488.36,6.511467,7011.64
6281,Baltschieder,VS,2026,1331,42.469687,31.34,11.6,10545.4545,1966.02,18.643293,8579.4345
6282,Eisten,VS,2026,194,5.105263,38.0,1.93,1754.5455,10.31,0.587617,1744.2355
6283,Embd,VS,2026,280,20.911128,13.39,4.88,4436.3636,120.0,2.704918,4316.3636
6285,Grächen,VS,2026,1233,86.465638,14.26,24.38,22163.6364,951.42,4.292707,21212.2164
6286,Lalden,VS,2026,638,490.769231,1.3,10.47,9518.1818,594.96,6.250774,8923.2218
6287,Randa,VS,2026,435,7.97726,54.53,5.69,5172.7273,11.52,0.222707,5161.2073
6288,Saas-Almagell,VS,2026,363,3.28715,110.43,5.38,4890.9091,125.46,2.565167,4765.4491
6289,Saas-Balen,VS,2026,335,11.078042,30.24,5.75,5227.2727,137.28,2.626226,5089.9927
6290,Saas-Fee,VS,2026,1544,38.293651,40.32,26.4,24000.0,1218.37,5.076542,22781.63
6291,Saas-Grund,VS,2026,986,39.790153,24.78,13.74,12490.9091,532.15,4.260298,11958.7591
6292,St. Niklaus,VS,2026,2235,25.044823,89.24,25.71,23372.7273,1102.61,4.717507,22270.1173
6293,Stalden (VS),VS,2026,1062,101.046622,10.51,10.7,9727.2727,1886.08,19.389607,7841.1927
6294,Staldenried,VS,2026,537,37.605042,14.28,6.4,5818.1818,508.01,8.731422,5310.1718
6295,Täsch,VS,2026,1314,22.377384,58.72,12.18,11072.7273,221.46,2.000049,10851.2673
6296,Törbel,VS,2026,488,27.806268,17.55,11.61,10554.5455,292.36,2.769991,10262.1855
6297,Visp,VS,2026,7978,604.393939,13.2,79.92,72654.5455,9512.68,13.093028,63141.8655
6298,Visperterminen,VS,2026,1337,25.895797,51.63,18.41,16736.3636,1268.69,7.58044,15467.6736
6299,Zeneggen,VS,2026,290,38.309115,7.57,6.88,6254.5455,938.08,14.998372,5316.4655
6300,Zermatt,VS,2026,5765,23.73307,242.91,63.07,57336.3636,1085.23,1.892743,56251.1336
6404,Boudry,NE,2026,6237,372.136038,16.76,36.47,33154.5455,4522.98,13.642111,28631.5655
6408,Cortaillod,NE,2026,4746,1289.673913,3.68,34.67,31518.1818,4526.27,14.360822,26991.9118
6413,Rochefort,NE,2026,1243,48.085106,25.85,13.03,11845.4545,1160.47,9.796754,10684.9845
6416,Milvignes,NE,2026,8995,1024.487472,8.78,54.0,49090.9091,2723.31,5.547483,46367.5991
6417,La Grande Béroche,NE,2026,8795,208.758604,42.13,69.71,63372.7273,4245.15,6.698702,59127.5773
6421,La Chaux-de-Fonds,NE,2026,37494,672.900215,55.72,204.2,185636.3636,22220.66,11.969993,163415.7036
6422,Les Planchettes,NE,2026,212,18.073316,11.73,4.14,3763.6364,339.74,9.026908,3423.8964
6423,La Sagne,NE,2026,1037,40.587084,25.55,15.98,14527.2727,1836.82,12.643942,12690.4527
6432,La Brévine,NE,2026,622,14.876824,41.81,19.95,18136.3636,691.92,3.815098,17444.4436
6433,Brot-Plamboz,NE,2026,284,17.650715,16.09,9.5,8636.3636,1093.22,12.658337,7543.1436
6434,Le Cerneux-Péquignot,NE,2026,312,19.872611,15.7,7.61,6918.1818,1400.23,20.239855,5517.9518
6435,La Chaux-du-Milieu,NE,2026,496,28.653957,17.31,10.54,9581.8182,910.87,9.506233,8670.9482
6436,Le Locle,NE,2026,11132,321.177149,34.66,76.45,69500.0,8276.06,11.908,61223.94
6437,Les Ponts-de-Martel,NE,2026,1222,67.253715,18.17,18.26,16600.0,1648.76,9.932289,14951.24
6451,Cornaux,NE,2026,1558,329.386892,4.73,18.72,17018.1818,1632.63,9.593446,15385.5518
6452,Cressier (NE),NE,2026,1898,221.470245,8.57,26.42,24018.1818,10133.04,42.189039,13885.1418
6453,Enges,NE,2026,266,27.76618,9.58,3.64,3309.0909,306.98,9.276868,3002.1109
6454,Hauterive (NE),NE,2026,2652,1245.070423,2.13,10.88,9890.9091,1183.46,11.965129,8707.4491
6455,Le Landeron,NE,2026,4607,448.151751,10.28,32.05,29136.3636,4358.31,14.958318,24778.0536
6456,Lignières,NE,2026,980,78.27476,12.52,15.19,13809.0909,2037.68,14.756076,11771.4109
6458,Neuchâtel,NE,2026,44588,1482.806784,30.07,181.63,165118.1818,20674.13,12.520808,144444.0518
6459,Saint-Blaise,NE,2026,3264,368.397291,8.86,21.17,19245.4545,2565.43,13.330057,16680.0245
6461,La Tène,NE,2026,5083,960.869565,5.29,45.27,41154.5455,7903.03,19.203298,33251.5155
6487,Val-de-Ruz,NE,2026,17017,136.891642,124.31,157.0,142727.2727,76.5,0.053599,142650.7727
6504,La Côte-aux-Fées,NE,2026,445,34.684334,12.83,9.99,9081.8182,642.15,7.070721,8439.6682
6511,Les Verrières,NE,2026,644,22.306893,28.87,17.16,15600.0,3398.34,21.784231,12201.66
6512,Val-de-Travers,NE,2026,10667,85.513869,124.74,127.76,116145.4545,8224.78,7.081448,107920.6745
6601,Aire-la-Ville,GE,2026,1169,398.976109,2.93,11.11,10100.0,687.94,6.811287,9412.06
6602,Anières,GE,2026,2387,616.795866,3.87,18.21,16554.5455,1510.86,9.126557,15043.6855
6603,Avully,GE,2026,1712,370.562771,4.62,10.58,9618.1818,473.4,4.921928,9144.7818
6604,Avusy,GE,2026,1401,270.98646,5.17,11.7,10636.3636,59.54,0.559778,10576.8236
6605,Bardonnex,GE,2026,2277,455.4,5.0,18.65,16954.5455,202.93,1.196906,16751.6155
6606,Bellevue,GE,2026,3380,775.229358,4.36,19.12,17381.8182,2857.47,16.439419,14524.3482
6607,Bernex,GE,2026,10244,791.042471,12.95,68.28,62072.7273,5850.34,9.424977,56222.3873
6608,Carouge (GE),GE,2026,22621,8378.148148,2.7,78.07,70972.7273,3816.46,5.377361,67156.2673
6609,Cartigny,GE,2026,986,225.114155,4.38,9.67,8790.9091,561.5,6.38728,8229.4091
6610,Céligny,GE,2026,791,170.107527,4.65,7.42,6745.4545,457.68,6.785013,6287.7745
6611,Chancy,GE,2026,1698,315.613383,5.38,9.19,8354.5455,629.97,7.540446,7724.5755
6612,Chêne-Bougeries,GE,2026,12504,3020.289855,4.14,46.6,42363.6364,2038.22,4.811249,40325.4164
6613,Chêne-Bourg,GE,2026,8674,6776.5625,1.28,25.99,23627.2727,1671.65,7.075087,21955.6227
6614,Choulex,GE,2026,1188,303.836317,3.91,10.65,9681.8182,624.94,6.454779,9056.8782
6615,Collex-Bossy,GE,2026,1709,248.040639,6.89,12.75,11590.9091,136.91,1.181184,11453.9991
6616,Collonge-Bellerive,GE,2026,8299,1356.045752,6.12,60.43,54936.3636,5196.86,9.459782,49739.5036
6617,Cologny,GE,2026,5598,1529.508197,3.66,35.73,32481.8182,2025.75,6.236566,30456.0682
6618,Confignon,GE,2026,4631,1671.841155,2.77,24.16,21963.6364,2316.62,10.547525,19647.0164
6619,Corsier (GE),GE,2026,2186,797.810219,2.74,15.7,14272.7273,1078.31,7.555038,13194.4173
6620,Dardagny,GE,2026,1867,217.093023,8.6,15.58,14163.6364,438.57,3.096451,13725.0664
6621,Genève,GE,2026,203951,12810.99246,15.92,415.91,378100.0,15824.71,4.185324,362275.29
6622,Genthod,GE,2026,2840,989.547038,2.87,18.61,16918.1818,2546.0,15.048898,14372.1818
6623,Le Grand-Saconnex,GE,2026,12275,2802.511416,4.38,69.93,63572.7273,3927.39,6.177791,59645.3373
6624,Gy,GE,2026,483,146.808511,3.29,5.33,4845.4545,376.95,7.779456,4468.5045
6625,Hermance,GE,2026,1047,727.083333,1.44,6.34,5763.6364,354.05,6.142823,5409.5864
6626,Jussy,GE,2026,1241,109.339207,11.35,19.13,17390.9091,2013.14,11.575818,15377.7691
6627,Laconnex,GE,2026,684,178.590078,3.83,5.73,5209.0909,296.34,5.688901,4912.7509
6628,Lancy,GE,2026,33377,6997.274633,4.77,103.05,93681.8182,5338.58,5.69863,88343.2382
6629,Meinier,GE,2026,2116,304.460432,6.95,18.05,16409.0909,721.52,4.397075,15687.5709
6630,Meyrin,GE,2026,25745,2590.040241,9.94,142.94,129945.4545,12286.47,9.455098,117658.9845
6631,Onex,GE,2026,19058,6758.156028,2.82,37.49,34081.8182,3203.7,9.400027,30878.1182
6632,Perly-Certoux,GE,2026,3099,1220.07874,2.54,28.89,26263.6364,555.83,2.116348,25707.8064
6633,Plan-les-Ouates,GE,2026,10620,1815.384615,5.85,86.67,78790.9091,10019.85,12.717013,68771.0591
6634,Pregny-Chambésy,GE,2026,3775,1165.123457,3.24,26.35,23954.5455,1663.97,6.946364,22290.5755
6635,Presinge,GE,2026,723,153.503185,4.71,6.48,5890.9091,584.01,9.91375,5306.8991
6636,Puplinge,GE,2026,2468,924.344569,2.67,15.46,14054.5455,1037.63,7.382878,13016.9155
6637,Russin,GE,2026,541,110.183299,4.91,7.0,6363.6364,1451.82,22.814314,4911.8164
6638,Satigny,GE,2026,4273,225.845666,18.92,91.83,83481.8182,17159.35,20.554595,66322.4682
6639,Soral,GE,2026,955,324.829932,2.94,5.72,5200.0,731.18,14.061154,4468.82
6640,Thônex,GE,2026,14182,3712.565445,3.82,57.96,52690.9091,7590.78,14.406242,45100.1291
6641,Troinex,GE,2026,2520,734.693878,3.43,34.96,31781.8182,2428.76,7.641979,29353.0582
6642,Vandoeuvres,GE,2026,2577,583.031674,4.42,22.87,20790.9091,1448.98,6.969296,19341.9291
6643,Vernier,GE,2026,34958,4545.903771,7.69,135.55,123227.2727,11019.96,8.942793,112207.3127
6644,Versoix,GE,2026,13411,1277.238095,10.5,45.4,41272.7273,3469.83,8.407077,37802.8973
6645,Veyrier,GE,2026,11887,1828.769231,6.5,64.2,58363.6364,7086.36,12.141738,51277.2764
6702,Boécourt,JU,2026,925,74.898785,12.35,12.53,11390.9091,1716.74,15.071141,9674.1691
6703,Bourrignon,JU,2026,261,19.261993,13.55,8.6,7818.1818,1016.22,12.998163,6801.9618
6704,Châtillon (JU),JU,2026,483,90.960452,5.31,4.93,4481.8182,528.9,11.801014,3952.9182
6706,Courchapoix,JU,2026,437,68.388106,6.39,6.24,5672.7273,633.02,11.159006,5039.7073
6708,Courrendlin,JU,2026,3552,164.825986,21.55,33.44,30400.0,2048.8,6.739474,28351.2
6709,Courroux,JU,2026,3298,167.071935,19.74,33.39,30354.5455,5910.84,19.472668,24443.7055
6710,Courtételle,JU,2026,2653,195.793358,13.55,24.51,22281.8182,3004.57,13.484402,19277.2482
6711,Delémont,JU,2026,12566,571.961766,21.97,106.66,96963.6364,14043.2,14.482955,82920.4364
6712,Develier,JU,2026,1381,110.74579,12.47,20.48,18618.1818,4080.16,21.914922,14538.0218
6713,Ederswiler,JU,2026,119,35.951662,3.31,3.94,3581.8182,126.32,3.526701,3455.4982
6715,Mervelier,JU,2026,523,53.696099,9.74,6.79,6172.7273,588.96,9.541325,5583.7673
6716,Mettembert,JU,2026,105,44.871795,2.34,1.99,1809.0909,425.73,23.532814,1383.3609
6718,Movelier,JU,2026,434,53.712871,8.08,7.68,6981.8182,1102.35,15.788867,5879.4682
6719,Pleigne,JU,2026,352,19.730942,17.84,10.04,9127.2727,407.3,4.46245,8719.9727
6721,Rossemaison,JU,2026,674,356.613757,1.89,7.09,6445.4545,1186.09,18.401961,5259.3645
6722,Saulcy,JU,2026,269,34.223919,7.86,5.4,4909.0909,609.36,12.412889,4299.7309
6724,Soyhières,JU,2026,431,57.390146,7.51,4.17,3790.9091,314.91,8.306978,3475.9991
6729,Haute-Sorne,JU,2026,7071,99.535473,71.04,80.11,72827.2727,7293.06,10.014188,65534.2127
6730,Val Terbi,JU,2026,3205,68.644249,46.69,40.57,36881.8182,3457.84,9.37546,33423.9782
6741,Le Bémont (JU),JU,2026,322,27.568493,11.68,9.36,8509.0909,555.12,6.523846,7953.9709
6742,Les Bois,JU,2026,1232,49.858357,24.71,18.18,16527.2727,1945.12,11.769153,14582.1527
6743,Les Breuleux,JU,2026,1533,141.68207,10.82,22.55,20500.0,3175.46,15.490049,17324.54
6745,Les Enfers,JU,2026,149,20.926966,7.12,3.91,3554.5455,173.67,4.885857,3380.8755
6748,Les Genevez (JU),JU,2026,504,36.977256,13.63,10.7,9727.2727,608.9,6.25972,9118.3727
6750,Lajoux (JU),JU,2026,672,54.281099,12.38,12.6,11454.5455,1184.34,10.339476,10270.2055
6751,Montfaucon,JU,2026,583,31.945205,18.25,13.52,12290.9091,1563.24,12.718669,10727.6691
6753,Muriaux,JU,2026,494,29.265403,16.88,12.71,11554.5455,194.78,1.685744,11359.7655
6754,Le Noirmont,JU,2026,1883,92.349191,20.39,24.0,21818.1818,5441.35,24.939521,16376.8318
6757,Saignelégier,JU,2026,2632,83.107041,31.67,34.57,31427.2727,4192.94,13.341724,27234.3327
6758,Saint-Brais,JU,2026,221,14.577836,15.16,6.25,5681.8182,775.31,13.645456,4906.5082
6759,Soubey,JU,2026,123,9.117865,13.49,3.89,3536.3636,124.88,3.531311,3411.4836
6771,Alle,JU,2026,1902,179.433962,10.6,30.01,27281.8182,5571.99,20.423822,21709.8282
6773,Beurnevésin,JU,2026,117,22.986248,5.09,4.15,3772.7273,123.6,3.276145,3649.1273
6774,Boncourt,JU,2026,1217,135.072142,9.01,27.74,25218.1818,4301.28,17.056265,20916.9018
6775,Bonfol,JU,2026,652,48.011782,13.58,15.38,13981.8182,2412.61,17.255338,11569.2082
6778,Bure,JU,2026,648,47.33382,13.69,18.25,16590.9091,3095.27,18.656422,13495.6391
6781,Coeuve,JU,2026,721,62.048193,11.62,11.84,10763.6364,1584.68,14.722534,9178.9564
6782,Cornol,JU,2026,1043,99.808612,10.45,14.09,12809.0909,1203.75,9.397622,11605.3409
6783,Courchavon,JU,2026,303,48.949919,6.19,5.28,4800.0,637.2,13.275,4162.8
6784,Courgenay,JU,2026,2379,129.013015,18.44,39.19,35627.2727,12558.0,35.248278,23069.2727
6785,Courtedoux,JU,2026,772,93.917275,8.22,10.12,9200.0,1904.74,20.703696,7295.26
6789,Fahy,JU,2026,349,44.858612,7.78,11.34,10309.0909,502.57,4.875018,9806.5209
6790,Fontenais,JU,2026,1696,84.842421,19.99,21.23,19300.0,1205.88,6.248083,18094.12
6792,Grandfontaine,JU,2026,388,43.255295,8.97,10.12,9200.0,1019.5,11.081522,8180.5
6800,Porrentruy,JU,2026,6563,444.647696,14.76,62.7,57000.0,9035.63,15.851982,47964.37
6806,Vendlincourt,JU,2026,559,61.092896,9.15,10.97,9972.7273,1765.45,17.70278,8207.2773
6807,Basse-Allaine,JU,2026,1238,53.732639,23.04,22.84,20763.6364,3.48,0.01676,20760.1564
6808,Clos du Doubs,JU,2026,1263,20.453441,61.75,25.75,23409.0909,12.04,0.051433,23397.0509
6809,Haute-Ajoie,JU,2026,1085,26.508673,40.93,32.16,29236.3636,0.0,0.0,29236.3636
6810,La Baroche,JU,2026,1142,36.755713,31.07,26.16,23781.8182,0.0,0.0,23781.8182
6811,Damphreux-Lugnez,JU,2026,,,,9.85,8954.5455,0.0,0.0,8954.5455
